horizon,scenario_mode,seed,n_origins,mae,rmse,directional_accuracy,nlpd,crps,pit_mean,pit_variance,realized_es95,forecast_es95,realized_es99,forecast_es99,drawdown_90_coverage,drawdown_95_coverage,time_under_water_mae,coverage_50,width_50,interval_score_50,coverage_80,width_80,interval_score_80,coverage_90,width_90,interval_score_90,coverage_95,width_95,interval_score_95,kupiec_95_observations,kupiec_95_exceedances,kupiec_95_expected_rate,kupiec_95_observed_rate,kupiec_95_lr_uc,kupiec_95_p_value_uc,christoffersen_95_observations,christoffersen_95_exceedances,christoffersen_95_expected_rate,christoffersen_95_observed_rate,christoffersen_95_lr_uc,christoffersen_95_p_value_uc,christoffersen_95_n00,christoffersen_95_n01,christoffersen_95_n10,christoffersen_95_n11,christoffersen_95_lr_independence,christoffersen_95_p_value_independence,christoffersen_95_lr_conditional_coverage,christoffersen_95_p_value_conditional_coverage,kupiec_99_observations,kupiec_99_exceedances,kupiec_99_expected_rate,kupiec_99_observed_rate,kupiec_99_lr_uc,kupiec_99_p_value_uc,christoffersen_99_observations,christoffersen_99_exceedances,christoffersen_99_expected_rate,christoffersen_99_observed_rate,christoffersen_99_lr_uc,christoffersen_99_p_value_uc,christoffersen_99_n00,christoffersen_99_n01,christoffersen_99_n10,christoffersen_99_n11,christoffersen_99_lr_independence,christoffersen_99_p_value_independence,christoffersen_99_lr_conditional_coverage,christoffersen_99_p_value_conditional_coverage
20,point_estimate,11,1884.0,0.04721574632761255,0.06309785295165596,0.5599787685774947,-1.2064848968805697,0.03499445128912153,0.5233975777116573,0.07279263055509759,0.17190699395987827,0.4300014504347328,0.1123682733902063,0.7207405088691073,0.9394904458598726,0.9723991507430998,3.5901970963961114,0.5318471337579618,0.07426030914247542,0.1499404386554629,0.8646496815286624,0.23118576005091404,0.2777876161424897,0.9623142250530785,0.4474413652208129,0.47243629209504123,0.9904458598726115,0.7394605847129668,0.7505307420554187,1884.0,28.0,0.05,0.014861995753715499,66.8788440427063,2.8871676043911763e-16,1884.0,28.0,0.05,0.014861995753715499,66.8788440427063,2.8871676043911763e-16,1839.0,16.0,16.0,12.0,69.05082688797097,9.595829441039656e-17,135.92967093067728,3.0426149435713857e-30,1884.0,1.0,0.01,0.0005307855626326964,29.978131165488485,4.369465046098306e-08,1884.0,1.0,0.01,0.0005307855626326964,29.978131165488485,4.369465046098306e-08,1881.0,1.0,1.0,0.0,0.0010626993064022372,0.9739943121852167,29.979193864794887,3.091012535300503e-07
20,point_estimate,42,1884.0,0.04661032268453701,0.06211666536387196,0.571656050955414,-1.2016785362047069,0.034873620724827935,0.5229384536205487,0.07212315789820015,0.1550760526742019,0.43493919714706764,0.1206879811478922,0.7236779444109048,0.9357749469214437,0.9745222929936306,3.5749209451777917,0.5366242038216561,0.07477598782125548,0.14903369072459333,0.8779193205944799,0.2326810422965897,0.27725410783909815,0.9670912951167728,0.45039287199141126,0.46957717645950986,0.9920382165605095,0.7436037197594447,0.7523849411689159,1884.0,26.0,0.05,0.013800424628450107,72.02552558543334,2.1243162733288093e-17,1884.0,26.0,0.05,0.013800424628450107,72.02552558543334,2.1243162733288093e-17,1839.0,18.0,18.0,8.0,39.50065457079705,3.2794947479134796e-10,111.5261801562304,6.058954416939618e-25,1884.0,2.0,0.01,0.0010615711252653928,24.860247692164766,6.164049124655928e-07,1884.0,2.0,0.01,0.0010615711252653928,24.860247692164766,6.164049124655928e-07,1879.0,2.0,2.0,0.0,0.004253057685843942,0.9480024431030168,24.86450074985061,3.987881681541448e-06
20,point_estimate,73,1884.0,0.0465078795429866,0.0624850398740662,0.571656050955414,-1.2099441424272392,0.03481084401923462,0.5234550316195724,0.07175177479380554,0.16946436494697842,0.43219557956554666,0.1123682733902063,0.7183593809408647,0.9341825902335457,0.970276008492569,3.578107461596846,0.5382165605095541,0.07458591107741602,0.14904608012155543,0.8763269639065817,0.23415334288432277,0.27639561862396644,0.9692144373673036,0.45296635267269686,0.47256471191872745,0.9941613588110403,0.7413100244264428,0.7469790041461255,1884.0,23.0,0.05,0.012208067940552018,80.3389824955349,3.15385300543559e-19,1884.0,23.0,0.05,0.012208067940552018,80.3389824955349,3.15385300543559e-19,1847.0,13.0,13.0,10.0,61.90455205931045,3.6051518165506626e-15,142.24353455484535,1.2948185964690824e-31,1884.0,1.0,0.01,0.0005307855626326964,29.978131165488485,4.369465046098306e-08,1884.0,1.0,0.01,0.0005307855626326964,29.978131165488485,4.369465046098306e-08,1881.0,1.0,1.0,0.0,0.0010626993064022372,0.9739943121852167,29.979193864794887,3.091012535300503e-07
20,posterior_mean_mc,11,1884.0,0.043639707081134085,0.060000678610051025,0.5854564755838642,-0.9246412350146256,0.03241699872444829,0.5041745669087674,0.10304501090914066,0.10277950881201645,0.09892630423409729,0.14069318547202422,0.15152294464336608,0.8089171974522293,0.8805732484076433,3.5829548087540157,0.40658174097664546,0.05568328818960899,0.14458207126688,0.7192144373673036,0.11638463393880254,0.22416800176077797,0.8211252653927813,0.15928464319030564,0.29699401670311487,0.8848195329087049,0.20194301204868073,0.38081987198548317,1884.0,210.0,0.05,0.11146496815286625,112.76796496338284,2.4256345601757573e-26,1884.0,210.0,0.05,0.11146496815286625,112.76796496338284,2.4256345601757573e-26,1627.0,46.0,46.0,164.0,674.7923202874158,9.06615625832088e-149,787.5602852507986,9.626246416197891e-172,1884.0,92.0,0.01,0.04883227176220807,148.37630037316626,3.925313204635837e-34,1884.0,92.0,0.01,0.04883227176220807,148.37630037316626,3.925313204635837e-34,1765.0,26.0,26.0,66.0,353.63438197448386,6.850352869186654e-79,502.0106823476501,9.767094731125971e-110
20,posterior_mean_mc,42,1884.0,0.04350583457003405,0.059854161803464256,0.5881104033970276,-0.9636390209454432,0.03233384729196215,0.5041217619376814,0.10237562829327483,0.10278611955848593,0.09947329227862967,0.1448148696828894,0.1517246160712829,0.8036093418259024,0.888004246284501,3.5711624434563696,0.416135881104034,0.05585267926930006,0.14369632114626876,0.7181528662420382,0.11662865689470735,0.22397478154033207,0.8259023354564756,0.15974478114388815,0.29706119806340225,0.888004246284501,0.20295103625371053,0.38392291444241405,1884.0,209.0,0.05,0.11093418259023355,111.03618117975248,5.810058561852507e-26,1884.0,209.0,0.05,0.11093418259023355,111.03618117975248,5.810058561852507e-26,1634.0,40.0,40.0,169.0,730.9337716279529,5.61250931351574e-161,841.9699528077053,1.474170728994992e-183,1884.0,84.0,0.01,0.044585987261146494,123.11556955399317,1.3155843724812476e-28,1884.0,84.0,0.01,0.044585987261146494,123.11556955399317,1.3155843724812476e-28,1771.0,28.0,28.0,56.0,291.0309045322027,2.9643733504912628e-65,414.1464740861959,1.1728319876366367e-90
20,posterior_mean_mc,73,1884.0,0.0434483127820509,0.059723935742476725,0.583864118895966,-1.0431094254912234,0.03221045195934568,0.5041376509129503,0.10233291059350677,0.10249958352629619,0.09912947693918214,0.1436566654240765,0.15068312538524764,0.8073248407643312,0.8853503184713376,3.5610600260054475,0.4145435244161359,0.05595604987760366,0.14357112739883862,0.7160297239915074,0.11713369960014235,0.22293354900845233,0.8179405520169851,0.15935454336056717,0.29108927113669164,0.8911889596602972,0.20232445622640727,0.3725347384972471,1884.0,213.0,0.05,0.11305732484076433,118.02745058160508,1.7100490100799732e-27,1884.0,213.0,0.05,0.11305732484076433,118.02745058160508,1.7100490100799732e-27,1633.0,37.0,37.0,176.0,777.5554685605699,4.092540000588646e-171,895.582919142175,3.3623279043355235e-195,1884.0,83.0,0.01,0.0440552016985138,120.06728788275416,6.115088083632531e-28,1884.0,83.0,0.01,0.0440552016985138,120.06728788275416,6.115088083632531e-28,1774.0,26.0,26.0,57.0,305.33367751616856,2.268695276401148e-68,425.4009653989227,4.220404383727854e-93
20,variational_posterior,11,1884.0,0.043528960399466035,0.060050522837310674,0.5865180467091295,-1.377332729099942,0.03207088271251606,0.5007207621010887,0.0794193569398098,0.12594830492063147,0.13053694459631549,0.18568410051484363,0.21190672180418532,0.8826963906581741,0.9341825902335457,3.552388301085225,0.5286624203821656,0.07242290719726549,0.14291013585756557,0.8179405520169851,0.14594963514049444,0.21830543943953656,0.8964968152866242,0.19712200801512286,0.2800863050477353,0.945859872611465,0.251829520545316,0.3513157295958271,1884.0,138.0,0.05,0.0732484076433121,18.866773159226568,1.401730813979385e-05,1884.0,138.0,0.05,0.0732484076433121,18.866773159226568,1.401730813979385e-05,1712.0,33.0,33.0,105.0,507.8383827463299,1.8729346523546877e-112,526.7051559055565,4.240612606774193e-115,1884.0,39.0,0.01,0.020700636942675158,16.6498846423695,4.495304232292818e-05,1884.0,39.0,0.01,0.020700636942675158,16.6498846423695,4.495304232292818e-05,1826.0,18.0,18.0,21.0,123.28353565367115,1.2087984695546757e-28,139.93342029604065,4.110019342884858e-31
20,variational_posterior,42,1884.0,0.04362556742581911,0.059941004375895675,0.5817409766454352,-1.3826385861845034,0.03203684000541842,0.5014150400960553,0.07985963193633436,0.12744655229619384,0.13005580970618183,0.18391645649894156,0.21111728954164513,0.8858811040339702,0.9320594479830149,3.555066059282602,0.5207006369426752,0.07253724112289424,0.14280941427564794,0.8158174097664543,0.1460804135020231,0.2168662823610561,0.8991507430997877,0.197268235796352,0.2798313829518141,0.9394904458598726,0.25016718715815955,0.35797383863051435,1884.0,133.0,0.05,0.07059447983014862,14.998366528993301,0.0001076042781788478,1884.0,133.0,0.05,0.07059447983014862,14.998366528993301,0.0001076042781788478,1719.0,31.0,31.0,102.0,505.40048205833006,6.352532316826198e-112,520.3988485873233,9.927178588852243e-114,1884.0,46.0,0.01,0.024416135881104035,28.202070749627126,1.0928758399195785e-07,1884.0,46.0,0.01,0.024416135881104035,28.202070749627126,1.0928758399195785e-07,1820.0,17.0,17.0,29.0,178.71340680099888,9.254250725023091e-41,206.915477550626,1.1718578664249581e-45
20,variational_posterior,73,1884.0,0.043615398898837913,0.05979689380235778,0.5865180467091295,-1.3660587214119213,0.03198185522140522,0.4999263891922562,0.07913117962695176,0.13105056451423788,0.1291072692672639,0.18942428050888382,0.20765178689184446,0.8869426751592356,0.9357749469214437,3.555288995987799,0.5254777070063694,0.07245276589861123,0.1424517465085523,0.8121019108280255,0.14552464969684706,0.21677848428384514,0.9012738853503185,0.1967497583151333,0.27775290161845856,0.9453290870488322,0.2504272085649108,0.35266846526288037,1884.0,127.0,0.05,0.06740976645435244,10.891594856897996,0.0009660161467815408,1884.0,127.0,0.05,0.06740976645435244,10.891594856897996,0.0009660161467815408,1724.0,32.0,32.0,95.0,467.01262383732956,1.4316866662650293e-103,477.90421869422755,1.6765537114656416e-104,1884.0,39.0,0.01,0.020700636942675158,16.6498846423695,4.495304232292818e-05,1884.0,39.0,0.01,0.020700636942675158,16.6498846423695,4.495304232292818e-05,1831.0,13.0,13.0,26.0,175.21772252619388,5.366138059783638e-40,191.86760716856338,2.1700936460179995e-42
40,point_estimate,11,1878.0,0.07627614692443507,0.10005047084501736,0.5053248136315229,-0.4093485420032114,0.06940801245374394,0.5028769902207757,0.046833068476802873,0.10602822153164279,1.086282817132854,,1.6697889860667445,0.9313099041533547,0.9605963791267306,5.7902425587687265,0.6975505857294995,0.21395166814236793,0.28852859756620414,0.966986155484558,0.7929562122839295,0.8069665055335326,0.9909478168264111,1.3728527529348558,1.3796366088028484,0.9957401490947817,1.9552297514039791,1.9608649507557154,1878.0,2.0,0.05,0.0010649627263045794,173.05823840142503,1.5894638728421503e-39,1878.0,2.0,0.05,0.0010649627263045794,173.05823840142503,1.5894638728421503e-39,1873.0,2.0,2.0,0.0,0.004266667475715025,0.9479194314976882,173.06250506890075,2.6299925127522673e-38,1878.0,0.0,0.01,0.0,37.749061465751446,8.045541757202524e-10,1878.0,0.0,0.01,0.0,37.749061465751446,8.045541757202524e-10,1877.0,0.0,0.0,0.0,0.0,1.0,37.749061465751446,6.351780098365925e-09
40,point_estimate,42,1878.0,0.07614390811166065,0.10012228856585022,0.4968051118210863,-0.40522013851560856,0.06945994745910418,0.5016523137541544,0.04712980007886172,0.0995472973356064,1.080599104550878,,1.6610428856139163,0.9259850905218318,0.9600638977635783,5.781240010346388,0.7050053248136315,0.21420490527774855,0.2889273582778921,0.9653887113951012,0.7941030427700205,0.8084131139977724,0.9920127795527156,1.3735273960303294,1.3820597361264269,0.9952076677316294,1.967092043268684,1.9733605177657076,1878.0,1.0,0.05,0.0005324813631522897,181.4710989343368,2.3132725230130267e-41,1878.0,1.0,0.05,0.0005324813631522897,181.4710989343368,2.3132725230130267e-41,1875.0,1.0,1.0,0.0,0.0010660981315346874,0.9739527732153265,181.47216503246833,3.924822799251333e-40,1878.0,0.0,0.01,0.0,37.749061465751446,8.045541757202524e-10,1878.0,0.0,0.01,0.0,37.749061465751446,8.045541757202524e-10,1877.0,0.0,0.0,0.0,0.0,1.0,37.749061465751446,6.351780098365925e-09
40,point_estimate,73,1878.0,0.07619719171249015,0.0996804417554353,0.5085197018104366,-0.4088718555947845,0.0694653657409655,0.5019630565787203,0.04732047607005308,,1.0932873218794308,,1.6772534245124413,0.9297124600638977,0.9579339723109691,5.790799707848725,0.691160809371672,0.2139245261570516,0.29006257536755287,0.9680511182108626,0.7911224549212187,0.805610814969131,0.9941427050053249,1.3703178285568365,1.375605499666245,0.9973375931842385,1.96317203219417,1.966440977734719,1878.0,0.0,0.05,0.0,192.65761371963998,8.360880289986266e-44,1878.0,0.0,0.05,0.0,192.65761371963998,8.360880289986266e-44,1877.0,0.0,0.0,0.0,0.0,1.0,192.65761371963998,1.4619439839617728e-42,1878.0,0.0,0.01,0.0,37.749061465751446,8.045541757202524e-10,1878.0,0.0,0.01,0.0,37.749061465751446,8.045541757202524e-10,1877.0,0.0,0.0,0.0,0.0,1.0,37.749061465751446,6.351780098365925e-09
40,posterior_mean_mc,11,1878.0,0.06760913469036631,0.09240005556629309,0.5212992545260916,-0.9430227551151932,0.049921722135894735,0.5019950354523208,0.0779949875200599,0.19142164907632273,0.1834161004260826,0.23779858108614652,0.2697077587750525,0.8514376996805112,0.9020234291799787,5.935289647768138,0.5154419595314164,0.11043504530245607,0.22434427786105662,0.8386581469648562,0.23581292391082825,0.3386275186143629,0.9126730564430245,0.31824449626287643,0.4341328903525087,0.9424920127795527,0.3928164530616872,0.5268946411926756,1878.0,126.0,0.05,0.0670926517571885,10.482030255129416,0.0012054121980425408,1878.0,126.0,0.05,0.0670926517571885,10.482030255129416,0.0012054121980425408,1730.0,21.0,21.0,105.0,582.9630779356635,8.502639710257566e-129,593.4451081907929,1.3646840011336959e-129,1878.0,50.0,0.01,0.026624068157614485,36.01025829616725,1.9628145885705655e-09,1878.0,50.0,0.01,0.026624068157614485,36.01025829616725,1.9628145885705655e-09,1816.0,11.0,11.0,39.0,274.0965935245114,1.452442487594268e-61,310.1068518206786,4.583030283321146e-68
40,posterior_mean_mc,42,1878.0,0.06761582521124467,0.09218568062074058,0.5319488817891374,-0.9565810258522097,0.04996578029460006,0.5019652768604661,0.07777524003921228,0.18545147044079627,0.18469896068283037,0.23215510648588358,0.27121068408082516,0.8541001064962727,0.902555910543131,5.932093477925749,0.5207667731629393,0.1108297139297061,0.22487078955572315,0.8359957401490948,0.23634311969656305,0.3395475945570807,0.9089456869009584,0.3188330841397368,0.43056411321186255,0.9515441959531417,0.3942328670535879,0.5145702942520002,1878.0,133.0,0.05,0.07082002129925452,15.262823076991026,9.35395360477056e-05,1878.0,133.0,0.05,0.07082002129925452,15.262823076991026,9.35395360477056e-05,1726.0,18.0,18.0,115.0,654.5616053615566,2.2753970297096037e-144,669.8244284385477,3.543834588064396e-146,1878.0,47.0,0.01,0.025026624068157616,30.221900447816665,3.853336549200296e-08,1878.0,47.0,0.01,0.025026624068157616,30.221900447816665,3.853336549200296e-08,1811.0,19.0,19.0,28.0,164.62391014883167,1.1052652914151258e-37,194.84581059664833,4.895192986424866e-43
40,posterior_mean_mc,73,1878.0,0.06758381898308327,0.09221637739724858,0.5271565495207667,-0.9268697797505194,0.0498586025548455,0.5021385596800637,0.07784291870011979,0.18758579366543915,0.18370613851041875,0.22396576802665027,0.26939887916728844,0.8514376996805112,0.9078807241746539,5.942504336802883,0.516506922257721,0.11029311499611394,0.2242829141688106,0.8429179978700746,0.23477209535908095,0.33772703521981345,0.9100106496272631,0.31770772772015465,0.43029796431282163,0.9488817891373802,0.39362686950301795,0.5202524140519982,1878.0,131.0,0.05,0.06975505857294995,13.814228458952584,0.00020180217544530038,1878.0,131.0,0.05,0.06975505857294995,13.814228458952584,0.00020180217544530038,1727.0,19.0,19.0,112.0,632.0955224792897,1.750111045340696e-139,645.9097509382423,5.526875479132833e-141,1878.0,56.0,0.01,0.029818956336528223,48.67676752950092,3.01820667342912e-12,1878.0,56.0,0.01,0.029818956336528223,48.67676752950092,3.01820667342912e-12,1800.0,21.0,21.0,35.0,200.3832009415325,1.7226984619978857e-45,249.05996847103341,8.266373326335967e-55
40,variational_posterior,11,1878.0,0.06786507560558883,0.09251071545361471,0.5260915867944622,-0.9258334417705554,0.0507913488102457,0.4982799995242048,0.060073856470795814,0.21592861006320338,0.24579361246924397,0.28621319350028657,0.3976547610562058,0.9068157614483493,0.9382321618743344,6.128527476612444,0.6331203407880724,0.14343460778793168,0.22910564227327668,0.8935037273695421,0.2871184357295233,0.3527816041187683,0.9435569755058573,0.3863417839796123,0.4481948016442298,0.9717784877529286,0.48527188960874945,0.5389408585612016,1878.0,88.0,0.05,0.046858359957401494,0.39822114029425393,0.5280093668535368,1878.0,88.0,0.05,0.046858359957401494,0.39822114029425393,0.5280093668535368,1774.0,15.0,15.0,73.0,456.70721339590307,2.5030183812192216e-101,457.1054345361973,5.505744662888463e-100,1878.0,14.0,0.01,0.007454739084132056,1.3476946847170836,0.2456815397703398,1878.0,14.0,0.01,0.007454739084132056,1.3476946847170836,0.2456815397703398,1856.0,7.0,7.0,7.0,53.49150176547906,2.597138820816882e-13,54.83919645019614,1.235434698612157e-12
40,variational_posterior,42,1878.0,0.06780404259166758,0.09241901631580558,0.531416400425985,-0.9112803360578152,0.050793471708452664,0.4973452376119943,0.059973954662239065,0.2150991375632972,0.2456097075468455,0.2888452486741378,0.39418431999077586,0.9057507987220448,0.9424920127795527,6.100522626284285,0.626730564430245,0.1432691282381261,0.22821686570968847,0.8935037273695421,0.28773544587534877,0.3542597532524373,0.946751863684771,0.3868346609501233,0.4481315512224329,0.972310969116081,0.48695414398970027,0.5434064242789206,1878.0,89.0,0.05,0.04739084132055378,0.2737105283941901,0.6008535093666487,1878.0,89.0,0.05,0.04739084132055378,0.2737105283941901,0.6008535093666487,1774.0,14.0,14.0,75.0,475.2520916653852,2.30615514102335e-105,475.5258021937794,5.506606617159336e-104,1878.0,17.0,0.01,0.009052183173588925,0.17601320130614795,0.6748220592483686,1878.0,17.0,0.01,0.009052183173588925,0.17601320130614795,0.6748220592483686,1850.0,10.0,10.0,7.0,46.293048322321454,1.0182459041283655e-11,46.4690615236276,8.116550601275234e-11
40,variational_posterior,73,1878.0,0.06809924982766603,0.0925948763191462,0.5207667731629393,-0.9232352668135663,0.050905525102692695,0.4971251336048111,0.06022930212632528,0.21548370534032105,0.24481152710457765,0.28424606036309114,0.39465373220644795,0.9036208732694355,0.9414270500532481,6.126719460222976,0.6299254526091587,0.14339230500608574,0.22871065075552413,0.8929712460063898,0.28768027477112645,0.3549721809675458,0.9478168264110756,0.3859095306325198,0.4501877139326729,0.9707135250266241,0.4855502318473593,0.5424241943371346,1878.0,89.0,0.05,0.04739084132055378,0.2737105283941901,0.6008535093666487,1878.0,89.0,0.05,0.04739084132055378,0.2737105283941901,0.6008535093666487,1775.0,13.0,13.0,76.0,488.4530464057149,3.0932332644813718e-108,488.72675693410906,7.487436505271735e-107,1878.0,17.0,0.01,0.009052183173588925,0.17601320130614795,0.6748220592483686,1878.0,17.0,0.01,0.009052183173588925,0.17601320130614795,0.6748220592483686,1853.0,7.0,7.0,10.0,78.6265962949873,7.503240573966429e-19,78.80260949629344,7.730912682000537e-18
60,point_estimate,11,1872.0,0.09137971986664194,0.11800562992537574,0.5245726495726496,-0.11174652926662317,0.09234099656435599,0.5072395783908993,0.04073075047411133,0.0596928537364535,1.5150422677388815,,2.3134753308115092,0.9278846153846154,0.9583333333333334,7.383990577981657,0.7430555555555556,0.3231482978906901,0.38742865714355906,0.9818376068376068,1.1860876930600823,1.1932201069455648,0.9967948717948718,1.9792458992622588,1.9806657270544175,1.0,2.7634163829925438,2.7634163829925438,1872.0,1.0,0.05,0.0005341880341880342,180.86198111442576,3.1420804459722347e-41,1872.0,1.0,0.05,0.0005341880341880342,180.86198111442576,3.1420804459722347e-41,1869.0,1.0,1.0,0.0,0.0010695187678173568,0.9739110345502525,180.86305063319358,5.322155567577621e-40,1872.0,0.0,0.01,0.0,37.62845743550943,8.558669228516965e-10,1872.0,0.0,0.01,0.0,37.62845743550943,8.558669228516965e-10,1871.0,0.0,0.0,0.0,0.0,1.0,37.62845743550943,6.746589508453386e-09
60,point_estimate,42,1872.0,0.09115717627330228,0.11882627827596595,0.5331196581196581,-0.1107761784316911,0.09237468674722671,0.5072710933360394,0.040398416003183946,0.0596928537364535,1.5220343237218907,,2.332150923744681,0.9220085470085471,0.9599358974358975,7.382722053947011,0.7366452991452992,0.3221162867267642,0.38581653722013487,0.9823717948717948,1.1859560722360654,1.1929170980349093,0.9978632478632479,1.9807091185926964,1.9810979973456884,0.999465811965812,2.7791743423512796,2.7792481824881277,1872.0,1.0,0.05,0.0005341880341880342,180.86198111442576,3.1420804459722347e-41,1872.0,1.0,0.05,0.0005341880341880342,180.86198111442576,3.1420804459722347e-41,1869.0,1.0,1.0,0.0,0.0010695187678173568,0.9739110345502525,180.86305063319358,5.322155567577621e-40,1872.0,0.0,0.01,0.0,37.62845743550943,8.558669228516965e-10,1872.0,0.0,0.01,0.0,37.62845743550943,8.558669228516965e-10,1871.0,0.0,0.0,0.0,0.0,1.0,37.62845743550943,6.746589508453386e-09
60,point_estimate,73,1872.0,0.09088075848941621,0.11935444125034275,0.5496794871794872,-0.10943877576371318,0.09249366703426744,0.5080039863837863,0.04070818811393059,0.0596928537364535,1.5260096306398492,,2.3324494412641474,0.9273504273504274,0.9599358974358975,7.359652451032107,0.750534188034188,0.32241064623285803,0.38649563917903657,0.9807692307692307,1.184736520780299,1.192432753203737,0.9967948717948718,1.9806489028677954,1.9815490164603746,1.0,2.766764752886046,2.766764752886046,1872.0,1.0,0.05,0.0005341880341880342,180.86198111442576,3.1420804459722347e-41,1872.0,1.0,0.05,0.0005341880341880342,180.86198111442576,3.1420804459722347e-41,1869.0,1.0,1.0,0.0,0.0010695187678173568,0.9739110345502525,180.86305063319358,5.322155567577621e-40,1872.0,0.0,0.01,0.0,37.62845743550943,8.558669228516965e-10,1872.0,0.0,0.01,0.0,37.62845743550943,8.558669228516965e-10,1871.0,0.0,0.0,0.0,0.0,1.0,37.62845743550943,6.746589508453386e-09
60,posterior_mean_mc,11,1872.0,0.08120077012794828,0.10904236165768001,0.5838675213675214,-0.692751218650037,0.059820450713718824,0.464641503541278,0.07664299645741886,0.1852942511429961,0.2049884937256416,0.23618143346109396,0.3180941036565895,0.8301282051282052,0.8840811965811965,7.8547479988526145,0.531517094017094,0.1333109971543527,0.2664287162094378,0.8381410256410257,0.2893462629251055,0.42902545219149013,0.8942307692307693,0.3944698742684953,0.5798206231006173,0.9257478632478633,0.4917762594327613,0.7352213492409904,1872.0,189.0,0.05,0.10096153846153846,80.03854370216186,3.67176896364419e-19,1872.0,189.0,0.05,0.10096153846153846,80.03854370216186,3.67176896364419e-19,1664.0,18.0,18.0,171.0,906.7586172761607,3.331076646918627e-199,986.7971609783226,5.244681442589623e-215,1872.0,85.0,0.01,0.045405982905982904,127.05918079299954,1.8031556602597453e-29,1872.0,85.0,0.01,0.045405982905982904,127.05918079299954,1.8031556602597453e-29,1767.0,19.0,19.0,66.0,390.87672755092217,5.333510508579132e-87,517.9359083439217,3.401312329331039e-113
60,posterior_mean_mc,42,1872.0,0.08114348628554519,0.10888333538108017,0.5886752136752137,-0.6870970365578274,0.059816891194673184,0.46499701487364986,0.07703222442566153,0.1872114567351467,0.20434614398466502,0.2337970279874239,0.31552308253826067,0.8322649572649573,0.8798076923076923,7.839622677329497,0.530982905982906,0.13292816904268262,0.26679780711252493,0.8306623931623932,0.2892905802760473,0.42988881417960106,0.8985042735042735,0.3937548862326553,0.5815148046454067,0.9214743589743589,0.4903962360460996,0.7371390340317803,1872.0,183.0,0.05,0.09775641025641026,71.15819953007531,3.2969969663689283e-17,1872.0,183.0,0.05,0.09775641025641026,71.15819953007531,3.2969969663689283e-17,1672.0,16.0,17.0,166.0,899.8037250703107,1.0826511713756217e-197,970.961924600386,1.4397828758370166e-211,1872.0,86.0,0.01,0.045940170940170943,130.17041451670116,3.760650480825724e-30,1872.0,86.0,0.01,0.045940170940170943,130.17041451670116,3.760650480825724e-30,1762.0,23.0,23.0,63.0,351.96493180349614,1.5821630632160727e-78,482.1353463201973,2.0213419131114487e-105
60,posterior_mean_mc,73,1872.0,0.08102199117415565,0.1087658236446658,0.5892094017094017,-0.6479686444605013,0.05976168443585132,0.46466913349492234,0.07650415154944333,0.18849205932928786,0.2059730938013728,0.2320966914462755,0.31752936991305947,0.8322649572649573,0.8862179487179487,7.813913848199252,0.5363247863247863,0.13335955094205293,0.26608661461429156,0.8349358974358975,0.2894149281621458,0.43009432796096725,0.9017094017094017,0.394995034428256,0.5778899067953873,0.9268162393162394,0.49389383308260626,0.7439032543533767,1872.0,179.0,0.05,0.09561965811965811,65.47947517382158,5.872236639331555e-16,1872.0,179.0,0.05,0.09561965811965811,65.47947517382158,5.872236639331555e-16,1676.0,16.0,16.0,163.0,891.6692818302632,6.350794621662931e-196,957.1487570040848,1.43809718536627e-208,1872.0,84.0,0.01,0.04487179487179487,123.9725962181086,8.541513380132811e-29,1872.0,84.0,0.01,0.04487179487179487,123.9725962181086,8.541513380132811e-29,1763.0,24.0,24.0,60.0,330.46713646164375,7.604044119631222e-74,454.43973267975235,2.0876893214367654e-99
60,variational_posterior,11,1872.0,0.08156999658704885,0.10937428581970207,0.5801282051282052,-0.6815940544276503,0.06195962312751837,0.46474309829076216,0.05270541330715444,0.2381849936844148,0.31460849737599983,0.2989003609534783,0.5418799787518371,0.9086538461538461,0.968482905982906,8.467813049242888,0.6917735042735043,0.18946850616410815,0.2791166794122614,0.907051282051282,0.3815257685521738,0.45322610368255,0.9487179487179487,0.5136590079458319,0.5858662228679243,0.9732905982905983,0.6495880357630239,0.7208876405863487,1872.0,96.0,0.05,0.05128205128205128,0.06425945734429206,0.7998861171504357,1872.0,96.0,0.05,0.05128205128205128,0.06425945734429206,0.7998861171504357,1762.0,13.0,13.0,83.0,527.3298534110083,1.0761094328464839e-116,527.3941128683526,3.0048548384223057e-115,1872.0,22.0,0.01,0.011752136752136752,0.5496077084284252,0.45847802855611697,1872.0,22.0,0.01,0.011752136752136752,0.5496077084284252,0.45847802855611697,1841.0,8.0,8.0,14.0,107.34659954611124,3.7374245481559394e-25,107.89620725453966,3.72079964897794e-24
60,variational_posterior,42,1872.0,0.0815241048750874,0.10943413376461462,0.5838675213675214,-0.6821333349988755,0.062041409385275685,0.4652104566352115,0.05209783226187433,0.2376179621007022,0.31585083830054583,0.28754898964409825,0.5441103141195918,0.9161324786324786,0.9642094017094017,8.462238759991099,0.6944444444444444,0.19009853757288347,0.2795318502568216,0.9086538461538461,0.38263430487370975,0.4537594090656585,0.9487179487179487,0.5153144896704891,0.5894484709368149,0.969551282051282,0.6524052204217975,0.7163163882561504,1872.0,96.0,0.05,0.05128205128205128,0.06425945734429206,0.7998861171504357,1872.0,96.0,0.05,0.05128205128205128,0.06425945734429206,0.7998861171504357,1762.0,13.0,13.0,83.0,527.3298534110083,1.0761094328464839e-116,527.3941128683526,3.0048548384223057e-115,1872.0,21.0,0.01,0.011217948717948718,0.269864724093992,0.6034225309311572,1872.0,21.0,0.01,0.011217948717948718,0.269864724093992,0.6034225309311572,1835.0,15.0,15.0,6.0,30.878965103624637,2.7463238875339384e-08,31.14882982771863,1.7223346706603546e-07
60,variational_posterior,73,1872.0,0.0813913771393111,0.10924528673635216,0.5902777777777778,-0.6881011557908691,0.06186303511744369,0.4631360546911423,0.0520704495007991,0.2343365742213834,0.31365229386115967,0.29556155313152543,0.5423411890228547,0.9081196581196581,0.9647435897435898,8.459543186053343,0.6992521367521367,0.19029697891839953,0.27882910371833064,0.9102564102564102,0.38264073147683875,0.45339832629349286,0.9471153846153846,0.5139729853380759,0.5837883512202517,0.9716880341880342,0.6497190767621474,0.7094013109235758,1872.0,99.0,0.05,0.052884615384615384,0.32212777919448854,0.5703317247952906,1872.0,99.0,0.05,0.052884615384615384,0.32212777919448854,0.5703317247952906,1758.0,14.0,14.0,85.0,530.4890857382977,2.2107807097568082e-117,530.8112135174922,5.442638864092955e-116,1872.0,16.0,0.01,0.008547008547008548,0.4198701438430703,0.517001847068403,1872.0,16.0,0.01,0.008547008547008548,0.4198701438430703,0.517001847068403,1846.0,9.0,9.0,7.0,48.43745516883055,3.4099269662611043e-12,48.85732531267362,2.4590457460966964e-11
