horizon,scenario_mode,fold,seed,n_origins,mae,rmse,directional_accuracy,nlpd,crps,pit_mean,pit_variance,realized_es95,forecast_es95,realized_es99,forecast_es99,drawdown_90_coverage,drawdown_95_coverage,time_under_water_mae,wis,brier_negative_return,realized_negative_rate,brier_drawdown_5pct,realized_drawdown_5pct_rate,forecast_drawdown_5pct_rate,brier_drawdown_10pct,realized_drawdown_10pct_rate,forecast_drawdown_10pct_rate,brier_drawdown_15pct,realized_drawdown_15pct_rate,forecast_drawdown_15pct_rate,coverage_50,width_50,interval_score_50,coverage_80,width_80,interval_score_80,coverage_90,width_90,interval_score_90,coverage_95,width_95,interval_score_95,kupiec_95_observations,kupiec_95_exceedances,kupiec_95_expected_rate,kupiec_95_observed_rate,kupiec_95_lr_uc,kupiec_95_p_value_uc,christoffersen_95_observations,christoffersen_95_exceedances,christoffersen_95_expected_rate,christoffersen_95_observed_rate,christoffersen_95_lr_uc,christoffersen_95_p_value_uc,christoffersen_95_n00,christoffersen_95_n01,christoffersen_95_n10,christoffersen_95_n11,christoffersen_95_lr_independence,christoffersen_95_p_value_independence,christoffersen_95_lr_conditional_coverage,christoffersen_95_p_value_conditional_coverage,kupiec_99_observations,kupiec_99_exceedances,kupiec_99_expected_rate,kupiec_99_observed_rate,kupiec_99_lr_uc,kupiec_99_p_value_uc,christoffersen_99_observations,christoffersen_99_exceedances,christoffersen_99_expected_rate,christoffersen_99_observed_rate,christoffersen_99_lr_uc,christoffersen_99_p_value_uc,christoffersen_99_n00,christoffersen_99_n01,christoffersen_99_n10,christoffersen_99_n11,christoffersen_99_lr_independence,christoffersen_99_p_value_independence,christoffersen_99_lr_conditional_coverage,christoffersen_99_p_value_conditional_coverage
20,point_estimate,0,11,628.0,0.05306711573081136,0.07356240545400966,0.5334394904458599,-0.9643168251017252,0.041806012259443644,0.5155728201239115,0.05424389115886759,0.2382385834134395,0.5475708320416196,,0.8396439918805767,0.9092356687898089,0.9633757961783439,3.8552272532102747,0.03723809526893331,0.24999806242498873,0.39012738853503187,0.2934849697938665,0.2611464968152866,0.5267390311098474,0.15411611292905944,0.09554140127388536,0.31816383348982785,0.08114231396931602,0.03184713375796178,0.2262228289897979,0.6624203821656051,0.1093261668646857,0.17120271841546483,0.9187898089171974,0.3660002516438952,0.40969448513990137,0.9745222929936306,0.6582840231566168,0.690964293921731,0.9904458598726115,1.0020358153105957,1.0097355864838764,628.0,10.0,0.05,0.01592356687898089,20.67414352762151,5.444628717641055e-06,628.0,10.0,0.05,0.01592356687898089,20.67414352762151,5.444628717641055e-06,614.0,3.0,3.0,7.0,52.446668550906196,4.420923140083978e-13,73.1208120785277,1.324394599041488e-16,628.0,0.0,0.01,0.0,12.623221831997823,0.000380984117155984,628.0,0.0,0.01,0.0,12.623221831997823,0.000380984117155984,627.0,0.0,0.0,0.0,0.0,1.0,12.623221831997823,0.0018151068980564009
20,point_estimate,0,42,628.0,0.05252843147931961,0.07151305790501654,0.5015923566878981,-0.9731311491530611,0.04124347660484541,0.51550189449309,0.05344008526200412,0.24482559052971198,0.5620754967832784,,0.8713838003054113,0.9140127388535032,0.9697452229299363,3.8562017561744635,0.03670503918726184,0.2472537672702124,0.39012738853503187,0.29296808164720023,0.2611464968152866,0.525328264788594,0.154493225925033,0.09554140127388536,0.3182470733242927,0.08172127474606851,0.03184713375796178,0.22576781048909195,0.6528662420382165,0.10854563843139507,0.17047875525610984,0.9251592356687898,0.35953833848268785,0.3959160806985136,0.9777070063694268,0.65972718569008,0.6766535289199358,0.9952229299363057,1.0145536446440635,1.0199882479964393,628.0,8.0,0.05,0.012738853503184714,25.82816976877659,3.7320176628188577e-07,628.0,8.0,0.05,0.012738853503184714,25.82816976877659,3.7320176628188577e-07,614.0,5.0,5.0,3.0,16.95038119824953,3.836961457698967e-05,42.77855096702612,5.137545552385349e-10,628.0,0.0,0.01,0.0,12.623221831997823,0.000380984117155984,628.0,0.0,0.01,0.0,12.623221831997823,0.000380984117155984,627.0,0.0,0.0,0.0,0.0,1.0,12.623221831997823,0.0018151068980564009
20,point_estimate,0,73,628.0,0.053913467034607025,0.07397096816802462,0.5063694267515924,-0.9639426907755555,0.04165935981684273,0.5161795699934174,0.0540827899639728,0.250822341566685,0.5547419010654456,,0.865803727534706,0.9060509554140127,0.9761146496815286,3.848117023432117,0.037205907183270395,0.24807617443154548,0.39012738853503187,0.2928383722991217,0.2611464968152866,0.52628331960198,0.15500492386652306,0.09554140127388536,0.31983182250643816,0.08180231925386243,0.03184713375796178,0.22487028396927933,0.6576433121019108,0.1088431063419273,0.1713277253777788,0.9187898089171974,0.3635410768147254,0.40898009978832395,0.9729299363057324,0.6571653255609207,0.6881406235544679,0.9920382165605095,1.0059674780128252,1.0195614070348706,628.0,9.0,0.05,0.014331210191082803,23.13820026728378,1.5076553217801082e-06,628.0,9.0,0.05,0.014331210191082803,23.13820026728378,1.5076553217801082e-06,614.0,4.0,4.0,5.0,33.596271001117174,6.782262537314977e-09,56.73447126840095,4.789234443387264e-13,628.0,0.0,0.01,0.0,12.623221831997823,0.000380984117155984,628.0,0.0,0.01,0.0,12.623221831997823,0.000380984117155984,627.0,0.0,0.0,0.0,0.0,1.0,12.623221831997823,0.0018151068980564009
20,point_estimate,1,11,629.0,0.05024517731615496,0.06549757685497168,0.424483306836248,-1.1939232756929032,0.03685503373295817,0.4520206453976959,0.07566318429156726,0.11927760010416948,0.37344990139892337,0.10609105179286701,0.6914387017560568,0.9236883942766295,0.9602543720190779,3.4566237178167327,0.028107271394962646,0.2802733838217916,0.47058823529411764,0.26564990503734237,0.49761526232114467,0.4253662479498264,0.1633736404875523,0.18600953895071543,0.20071351733551523,0.04861206628894878,0.0397456279809221,0.12520849349892604,0.48330683624801274,0.07802137326305059,0.160129428187417,0.8378378378378378,0.20623520806404502,0.261710525818194,0.9523052464228935,0.3732861882922525,0.4000229860399555,0.985691573926868,0.6169018787807745,0.6351854547932348,629.0,26.0,0.05,0.04133545310015898,1.0538295571421088,0.3046267511448184,629.0,26.0,0.05,0.04133545310015898,1.0538295571421088,0.3046267511448184,589.0,13.0,13.0,13.0,55.020575049751386,1.1927466660009365e-13,56.074404606893495,6.661894512757591e-13,629.0,4.0,0.01,0.006359300476947536,0.967077435088342,0.3254101412644489,629.0,4.0,0.01,0.006359300476947536,0.967077435088342,0.3254101412644489,623.0,1.0,1.0,3.0,29.05505599722311,7.035025756864749e-08,30.022133432311453,3.025356497047345e-07
20,point_estimate,1,42,629.0,0.049135408440320806,0.06463155691216031,0.4435612082670906,-1.1972625993561576,0.03652280722614118,0.4510954328345216,0.07465788700075159,0.13129554846893193,0.37009184754178115,0.11081482637610045,0.6918718252705763,0.9268680445151033,0.9697933227344993,3.426863578383255,0.027910962489912976,0.27763731909021466,0.47058823529411764,0.26407574352592117,0.49761526232114467,0.42447129580336945,0.16406899230986027,0.18600953895071543,0.19786743601223764,0.04792893703152549,0.0397456279809221,0.12320333532168912,0.5023847376788553,0.07678900217006968,0.1581673761205147,0.8473767885532592,0.20443604920380626,0.25995807149910194,0.9475357710651828,0.37067027296060756,0.39916768866453317,0.9777424483306836,0.6161502518648838,0.6390273206867862,629.0,30.0,0.05,0.04769475357710652,0.0714196024085254,0.7892809449638473,629.0,30.0,0.05,0.04769475357710652,0.0714196024085254,0.7892809449638473,587.0,11.0,11.0,19.0,91.89289152432605,9.149709666364484e-22,91.96431112673457,1.072021690922744e-20,629.0,3.0,0.01,0.0047694753577106515,2.1552590246901815,0.1420824807499401,629.0,3.0,0.01,0.0047694753577106515,2.1552590246901815,0.1420824807499401,624.0,1.0,1.0,2.0,19.356225726321995,1.0846504449595586e-05,21.511484751012176,2.1322613633173202e-05
20,point_estimate,1,73,629.0,0.050029725527378,0.06525419472998761,0.43879173290937995,-1.2043175073731458,0.0364801536209552,0.4522047094117055,0.07462955822784294,0.11963617001424179,0.37551739196543205,0.10609105179286701,0.694028183715662,0.9173290937996821,0.9697933227344993,3.403972545466132,0.027906172126555277,0.2747248056846428,0.47058823529411764,0.26359945726316586,0.49761526232114467,0.42538223782246826,0.16257213778160284,0.18600953895071543,0.19936855756022645,0.04815156202952279,0.0397456279809221,0.12308940236364271,0.48966613672496023,0.07705044534128659,0.15929195540577085,0.8457869634340223,0.20537554166459457,0.25845694146927867,0.9634340222575517,0.37431779417402583,0.39808101411296387,0.9841017488076311,0.6213904669929311,0.6408245807746462,629.0,19.0,0.05,0.030206677265500796,6.007133571209437,0.014248154656299828,629.0,19.0,0.05,0.030206677265500796,6.007133571209437,0.014248154656299828,602.0,7.0,7.0,12.0,68.89699444638029,1.0374280648210107e-16,74.90412801758973,5.4296928778840885e-17,629.0,4.0,0.01,0.006359300476947536,0.967077435088342,0.3254101412644489,629.0,4.0,0.01,0.006359300476947536,0.967077435088342,0.3254101412644489,623.0,1.0,1.0,3.0,29.05505599722311,7.035025756864749e-08,30.022133432311453,3.025356497047345e-07
20,point_estimate,2,11,629.0,0.04222345960183049,0.053847496293381536,0.6120826709062003,-1.363148214136738,0.03022274946679447,0.5428971667089123,0.07486576879432195,0.13019367430706927,0.3615296217892017,,0.6467444859291849,0.9348171701112877,0.9602543720190779,3.700124631515116,0.024024581392074754,0.22663573936657685,0.3449920508744038,0.21647790863536198,0.27821939586645467,0.36286211814658037,0.07498617883391526,0.06677265500794913,0.17506917568263028,0.041759096986100405,0.03656597774244833,0.1136409522520198,0.5246422893481717,0.06242335690046109,0.1308882747555124,0.8394276629570747,0.18000889104836876,0.2192406587494213,0.958664546899841,0.3526354277020862,0.36401561312613995,0.9904610492845787,0.6165871239186924,0.620957154289238,629.0,3.0,0.05,0.0047694753577106515,44.13481563471508,3.065203205704885e-11,629.0,3.0,0.05,0.0047694753577106515,44.13481563471508,3.065203205704885e-11,623.0,2.0,2.0,1.0,7.258117132682749,0.00705812525027359,51.39293276739783,6.92096168801016e-12,629.0,0.0,0.01,0.0,12.643322503704825,0.00037690952010818664,629.0,0.0,0.01,0.0,12.643322503704825,0.00037690952010818664,628.0,0.0,0.0,0.0,0.0,1.0,12.643322503704825,0.0017969558290758367
20,point_estimate,2,42,629.0,0.041953163907731975,0.053836122930652826,0.6073131955484896,-1.3579510802563362,0.030333029003109326,0.5461567599682252,0.07432155131977415,0.1136715867338111,0.3694647962555718,,0.6577546097146486,0.931637519872814,0.9666136724960255,3.6733050678303814,0.024124344786268567,0.22645976527772482,0.3449920508744038,0.2178496961167257,0.27821939586645467,0.3646918055719403,0.07684466436840476,0.06677265500794913,0.1754547839733414,0.04307200793645464,0.03656597774244833,0.11382601585475775,0.5278219395866455,0.06281691176082174,0.1312446541842732,0.8410174880763116,0.18142605673982076,0.22053852608334867,0.9618441971383148,0.35460001594320895,0.3685572690777159,0.9936406995230525,0.6226154637457806,0.625868782629227,629.0,6.0,0.05,0.009538950715421303,32.08918720028498,1.4725461241414426e-08,629.0,6.0,0.05,0.009538950715421303,32.08918720028498,1.4725461241414426e-08,617.0,5.0,5.0,1.0,4.150404835436305,0.04162457099328572,36.23959203572129,1.3510535913334546e-08,629.0,0.0,0.01,0.0,12.643322503704825,0.00037690952010818664,629.0,0.0,0.01,0.0,12.643322503704825,0.00037690952010818664,628.0,0.0,0.0,0.0,0.0,1.0,12.643322503704825,0.0017969558290758367
20,point_estimate,2,73,629.0,0.0426469512880299,0.05458444385507701,0.6073131955484896,-1.3576237477445845,0.03046391060562223,0.5457160265521944,0.0746367490162497,0.14482719367986596,0.35746292878761765,,0.6435932215305311,0.9252782193958664,0.9745627980922098,3.716840791216126,0.02418006604566991,0.22723147707723776,0.3449920508744038,0.21670465404747227,0.27821939586645467,0.36323496345525413,0.07534291411137639,0.06677265500794913,0.17588794271819577,0.04239972081577387,0.03656597774244833,0.11283941029733502,0.5310015898251192,0.0624554820186462,0.13200241336321508,0.848966613672496,0.18196776497294587,0.22156090756103256,0.9650238473767886,0.3532657463201976,0.3702149419692235,0.9904610492845787,0.6105282943373387,0.6157181784578503,629.0,4.0,0.05,0.006359300476947536,39.645272303176945,3.045410563359384e-10,629.0,4.0,0.05,0.006359300476947536,39.645272303176945,3.045410563359384e-10,621.0,3.0,3.0,1.0,5.914971081445792,0.015012749373129214,45.56024338462274,1.2785533425363272e-10,629.0,0.0,0.01,0.0,12.643322503704825,0.00037690952010818664,629.0,0.0,0.01,0.0,12.643322503704825,0.00037690952010818664,628.0,0.0,0.0,0.0,0.0,1.0,12.643322503704825,0.0017969558290758367
20,posterior_mean_mc,0,11,628.0,0.04771368251462414,0.06851067597884872,0.5382165605095541,-0.8862844128690088,0.0353608032195712,0.5508620656297073,0.08850740183848017,0.15489185686381846,0.10496984280242284,0.22170199366748852,0.1432330568777505,0.8550955414012739,0.9092356687898089,3.9008728974037896,0.024751175978813992,0.258970619991898,0.39012738853503187,0.21173471172277672,0.2611464968152866,0.24236129068468035,0.08904116633177352,0.09554140127388536,0.053834074079622506,0.031850668888501396,0.03184713375796178,0.0143965542252904,0.46337579617834396,0.06513826181604389,0.1590275360890875,0.7531847133757962,0.13411329655102502,0.23014430405962075,0.89171974522293,0.17874084126581793,0.29339190373069834,0.9378980891719745,0.21871375001784943,0.3902849981945413,628.0,38.0,0.05,0.06050955414012739,1.3724327642836442,0.2413943405626066,628.0,38.0,0.05,0.06050955414012739,1.3724327642836442,0.2413943405626066,580.0,9.0,9.0,29.0,151.97762002239233,6.407923162955229e-35,153.35005278667597,5.017173706384621e-34,628.0,21.0,0.01,0.03343949044585987,21.611701184207647,3.3380913554223225e-06,628.0,21.0,0.01,0.03343949044585987,21.611701184207647,3.3380913554223225e-06,602.0,4.0,4.0,17.0,115.3499185805469,6.596721425894905e-27,136.96161976475454,1.816193645437001e-30
20,posterior_mean_mc,0,42,628.0,0.0473935439659428,0.06819111177494284,0.5366242038216561,-0.843403230027425,0.03522345839218162,0.5506140286172996,0.08774603325324895,0.14773042620626944,0.10501715085480472,0.2087900111135707,0.1427933078641676,0.8550955414012739,0.9076433121019108,3.8764846131146955,0.024684375128890334,0.2560017784060045,0.39012738853503187,0.21025675925331372,0.2611464968152866,0.2414332085245036,0.08867423839647239,0.09554140127388536,0.05443529949052544,0.03178147121726373,0.03184713375796178,0.014771480521512408,0.4713375796178344,0.06479782005955943,0.15922787599616786,0.7627388535031847,0.13457539215691774,0.22883810520027253,0.8901273885350318,0.17878151191371786,0.29438427323736505,0.9442675159235668,0.219873516818068,0.38447729135561964,628.0,40.0,0.05,0.06369426751592357,2.2902940579213578,0.1301852562907135,628.0,40.0,0.05,0.06369426751592357,2.2902940579213578,0.1301852562907135,576.0,11.0,11.0,29.0,141.21454760309283,1.444202721319861e-32,143.50484166101418,6.891592189245971e-32,628.0,22.0,0.01,0.03503184713375796,24.122457217637248,9.039989108837943e-07,628.0,22.0,0.01,0.03503184713375796,24.122457217637248,9.039989108837943e-07,600.0,5.0,5.0,17.0,109.11595582948344,1.530644645287573e-25,133.23841304712067,1.1685470894775513e-29
20,posterior_mean_mc,0,73,628.0,0.04757847653742867,0.06848029132655331,0.5334394904458599,-0.8940200339514903,0.03539357459253721,0.5510939492849127,0.08928263269858559,0.15144121567475077,0.10496246637185809,0.23076672039411056,0.14389984920400234,0.8598726114649682,0.910828025477707,3.8827888293401913,0.024840010028119197,0.25664419978047265,0.39012738853503187,0.21308730168714538,0.2611464968152866,0.24263915449643927,0.08787231925837895,0.09554140127388536,0.05381230693380442,0.03177605506026599,0.03184713375796178,0.014607127008160904,0.4554140127388535,0.06534563978831658,0.15937960426662054,0.7436305732484076,0.1344010185656471,0.23003678752106016,0.8837579617834395,0.17805303676267506,0.2963523647655236,0.9394904458598726,0.21821730137711856,0.3967268647642644,628.0,39.0,0.05,0.06210191082802548,1.8040217813698405,0.1792270405848557,628.0,39.0,0.05,0.06210191082802548,1.8040217813698405,0.1792270405848557,575.0,13.0,13.0,26.0,117.69349718195724,2.0236288971390675e-27,119.49751896332708,1.1257538905785715e-26,628.0,20.0,0.01,0.03184713375796178,19.199514166342595,1.1774335330186596e-05,628.0,20.0,0.01,0.03184713375796178,19.199514166342595,1.1774335330186596e-05,604.0,3.0,3.0,17.0,122.4107076440866,1.8767428880107739e-28,141.6102218104292,1.777178470278671e-31
20,posterior_mean_mc,1,11,629.0,0.04843543929534778,0.06350741161761131,0.43243243243243246,-0.9894072521266598,0.036143198692024536,0.4669101880297854,0.11425993070932758,0.10831219759076288,0.09444587118191065,0.12953021567114875,0.1415060147433089,0.7631160572337043,0.848966613672496,3.520352286318292,0.025905436935333336,0.29161068446688654,0.47058823529411764,0.31318667010768153,0.49761526232114467,0.2287726256153388,0.1723574019456641,0.18600953895071543,0.04055126199317113,0.039425318971430326,0.0397456279809221,0.008846456716180501,0.3624801271860095,0.05506023556428277,0.16134442585355602,0.6422893481717011,0.10927718573316615,0.24971339410088889,0.7551669316375199,0.14614650425832895,0.3274827537055585,0.8394276629570747,0.18308334679959956,0.4204739460167433,629.0,98.0,0.05,0.15580286168521462,97.37077570537792,5.748828371740948e-23,629.0,98.0,0.05,0.15580286168521462,97.37077570537792,5.748828371740948e-23,516.0,14.0,14.0,84.0,334.1705582084221,1.1870013425294465e-74,431.54133391380003,1.9587994979483454e-94,629.0,51.0,0.01,0.08108108108108109,127.34203301142821,1.5636411332609547e-29,629.0,51.0,0.01,0.08108108108108109,127.34203301142821,1.5636411332609547e-29,565.0,12.0,12.0,39.0,181.48447269101598,2.297771795488204e-41,308.8265057024442,8.693133597450533e-68
20,posterior_mean_mc,1,42,629.0,0.04823399990085802,0.0634350517937947,0.43084260731319557,-0.9306250789529856,0.03605008542298508,0.46576219101565025,0.11423316855710369,0.1086239935516478,0.09464872349098856,0.129898854851457,0.14114484333795216,0.7647058823529411,0.8553259141494436,3.5141031067145616,0.025904396060020166,0.2904840296793082,0.47058823529411764,0.3120618238089457,0.49761526232114467,0.22799687939638,0.17125453851492486,0.18600953895071543,0.04074293970496413,0.0396741657975498,0.0397456279809221,0.009070135974523988,0.3751987281399046,0.054844979202760796,0.16016550367197374,0.6470588235294118,0.10912993993621148,0.24996450341990217,0.7503974562798092,0.1464117680885773,0.33084502937208987,0.8362480127186009,0.18391812189031798,0.4251379194528864,629.0,97.0,0.05,0.15421303656597773,94.87360785783972,2.0293751597279068e-22,629.0,97.0,0.05,0.15421303656597773,94.87360785783972,2.0293751597279068e-22,520.0,11.0,11.0,86.0,364.88514730409054,2.431514095559917e-81,459.75875516193025,1.4610154657470317e-100,629.0,55.0,0.01,0.08744038155802862,145.0145824397896,2.1319296544458453e-33,629.0,55.0,0.01,0.08744038155802862,145.0145824397896,2.1319296544458453e-33,561.0,12.0,12.0,43.0,198.67267075866653,4.0690174892301243e-45,343.6872531984561,2.3402444163003957e-75
20,posterior_mean_mc,1,73,629.0,0.048153464951815404,0.06321100606769274,0.4467408585055644,-1.036828044728598,0.035860678739890836,0.4684831963786307,0.11353285165972347,0.11124380657908196,0.09526423109604704,0.13083752740769006,0.1430536567800387,0.78060413354531,0.8600953895071543,3.4811005913156,0.025609937770116546,0.2889058029662783,0.47058823529411764,0.31297669809701284,0.49761526232114467,0.22872625038695804,0.16984424117531635,0.18600953895071543,0.040599672431561894,0.03964254073144255,0.0397456279809221,0.008733022778500134,0.37042925278219396,0.055085019621151185,0.15966750796244475,0.6550079491255962,0.10965938794186131,0.2458043610603782,0.7599364069952306,0.14651254884382997,0.3241130920231128,0.8314785373608903,0.18420434465951008,0.41293043087814363,629.0,92.0,0.05,0.14626391096979333,82.75766725655365,9.275532650082012e-20,629.0,92.0,0.05,0.14626391096979333,82.75766725655365,9.275532650082012e-20,525.0,11.0,11.0,81.0,348.6049421754796,8.529722834252464e-78,431.36260943203325,2.141901584639719e-94,629.0,51.0,0.01,0.08108108108108109,127.34203301142821,1.5636411332609547e-29,629.0,51.0,0.01,0.08108108108108109,127.34203301142821,1.5636411332609547e-29,563.0,14.0,14.0,37.0,162.10606618701976,3.922080017342089e-37,289.44809919844795,1.4032784645985412e-63
20,posterior_mean_mc,2,11,629.0,0.039008633187030926,0.05078387679931969,0.6550079491255962,-0.8111339860962478,0.029173201847725063,0.5407837004292948,0.12193958638097167,0.07094202689233053,0.06805048249323989,0.08820978001578468,0.10529372440470926,0.7408585055643879,0.8378378378378378,3.6534063276258526,0.02119312337073051,0.22746186636494153,0.3449920508744038,0.23927175840721113,0.27821939586645467,0.12089714728798552,0.06869714614430654,0.06677265500794913,0.02017988885008683,0.0370152956122617,0.03656597774244833,0.005492544119999569,0.34340222575516693,0.04001741379609405,0.1299240933291256,0.6136724960254372,0.08158700508395446,0.2066348951339381,0.7265500794912559,0.11126322554053421,0.27590696407649185,0.8139904610492846,0.14140142768584302,0.3584265722467234,629.0,84.0,0.05,0.13354531001589826,64.70933029895912,8.680286268546845e-16,629.0,84.0,0.05,0.13354531001589826,64.70933029895912,8.680286268546845e-16,528.0,16.0,16.0,68.0,268.0268452352816,3.054607920081463e-60,332.7361755342407,5.5880144173394493e-73,629.0,38.0,0.01,0.06041335453100159,74.91839089799277,4.905788811040027e-18,629.0,38.0,0.01,0.06041335453100159,74.91839089799277,4.905788811040027e-18,579.0,11.0,11.0,27.0,131.69901751909168,1.741138211878815e-30,206.61740841708445,1.3601907893422587e-45
20,posterior_mean_mc,2,42,629.0,0.03901298114121639,0.05101678980361957,0.6518282988871225,-0.48461967897693886,0.029271958214152,0.543360440149152,0.12153069907192503,0.07124488432300949,0.06843533505520417,0.08735539539821528,0.10765224198198245,0.7488076311605724,0.8394276629570747,3.6385096225430464,0.021352407057769147,0.22607005243415115,0.3449920508744038,0.2384800482959318,0.27821939586645467,0.12097690203226134,0.06874437011893789,0.06677265500794913,0.02039419582549481,0.03708209479716569,0.03656597774244833,0.005777669810650807,0.34340222575516693,0.03986289311739545,0.13019492729257923,0.6089030206677265,0.08127583890694053,0.2094405573483539,0.712241653418124,0.11143509652090038,0.27981442838249176,0.7996820349761526,0.14141580493410982,0.3666741525269793,629.0,85.0,0.05,0.13513513513513514,66.87196405129885,2.897261423013107e-16,629.0,85.0,0.05,0.13513513513513514,66.87196405129885,2.897261423013107e-16,527.0,16.0,16.0,69.0,271.3893330012059,5.650839943743463e-61,338.26129705250474,3.527707954237567e-74,629.0,42.0,0.01,0.06677265500794913,90.15965539984433,2.1969661281623428e-21,629.0,42.0,0.01,0.06677265500794913,90.15965539984433,2.1969661281623428e-21,576.0,10.0,10.0,32.0,160.9868930645451,6.886968652631488e-37,251.1465484643894,2.9121914765364244e-55
20,posterior_mean_mc,2,73,629.0,0.03904904649347116,0.0508675675777831,0.6550079491255962,-1.0337616242259522,0.029295004315878215,0.5426588844326765,0.12232719473163749,0.07110718075554706,0.06745897509982242,0.09217811181680682,0.10487816004974874,0.7519872813990461,0.8410174880763116,3.671495664651379,0.02116921352405494,0.22814663568494908,0.3449920508744038,0.2372668428613014,0.27821939586645467,0.12065857898904406,0.06866296264750166,0.06677265500794913,0.020357466227751437,0.037184597856186594,0.03656597774244833,0.005768218421401242,0.3497615262321145,0.04002794832356765,0.1303249894523085,0.5977742448330684,0.08158422521954035,0.20773726545634155,0.7186009538950715,0.1114446784310997,0.2724914286687453,0.8108108108108109,0.14107911352187535,0.3487945140868616,629.0,84.0,0.05,0.13354531001589826,64.70933029895912,8.680286268546845e-16,629.0,84.0,0.05,0.13354531001589826,64.70933029895912,8.680286268546845e-16,527.0,17.0,17.0,67.0,258.279140070981,4.070307447049238e-58,322.9884703699401,7.310461596084026e-71,629.0,38.0,0.01,0.06041335453100159,74.91839089799277,4.905788811040027e-18,629.0,38.0,0.01,0.06041335453100159,74.91839089799277,4.905788811040027e-18,578.0,12.0,12.0,26.0,122.19209707441058,2.0953544730247923e-28,197.11048797240335,1.5776162614735479e-43
20,variational_posterior,0,11,628.0,0.04759805705351133,0.06831652697003798,0.5318471337579618,-0.8968710576698717,0.03529407401756725,0.5508354021810796,0.08762386643993693,0.14100475893847597,0.10886279143151485,0.23099202242350456,0.14759256859895836,0.8614649681528662,0.9124203821656051,3.903177671798096,0.024787641364393143,0.2546837605496035,0.39012738853503187,0.21294882005689494,0.2611464968152866,0.2437729353135848,0.08808930140829778,0.09554140127388536,0.05766024716872638,0.031841976049448904,0.03184713375796178,0.015096307824246067,0.4729299363057325,0.0660181207631683,0.15896781436204493,0.767515923566879,0.13618847704024398,0.2305859643268054,0.8805732484076433,0.18137101416590518,0.29683509894415006,0.9331210191082803,0.22502617677653186,0.39134416234688874,628.0,44.0,0.05,0.07006369426751592,4.757594561528947,0.029169285738800066,628.0,44.0,0.05,0.07006369426751592,4.757594561528947,0.029169285738800066,569.0,14.0,14.0,30.0,131.51205520866878,1.9130907094260004e-30,136.26964977019773,2.566974337401873e-30,628.0,19.0,0.01,0.030254777070063694,16.89065833203395,3.9595974326025964e-05,628.0,19.0,0.01,0.030254777070063694,16.89065833203395,3.9595974326025964e-05,604.0,4.0,4.0,15.0,102.56413351155592,4.176263452912607e-24,119.45479184358987,1.1500627384376487e-26
20,variational_posterior,0,42,628.0,0.0476577385399837,0.06838403562554865,0.5605095541401274,-0.9485524614514249,0.03522813083758667,0.5489942918713526,0.08760391264536521,0.1573315504983234,0.10866252069164642,0.22176540308773843,0.14623641695874548,0.85828025477707,0.9092356687898089,3.865632361799511,0.02466598530761001,0.25443701900045435,0.39012738853503187,0.21164051690631677,0.2611464968152866,0.24193284745018973,0.08842211969436363,0.09554140127388536,0.05721334360382215,0.03176334823418008,0.03184713375796178,0.015321858542897767,0.46337579617834396,0.06586586074645648,0.15940109040759512,0.7595541401273885,0.13645456941857667,0.22934087614765827,0.8901273885350318,0.18213852788990328,0.2942507513285336,0.9442675159235668,0.22492454810207713,0.3789241391349039,628.0,37.0,0.05,0.0589171974522293,0.9968712347031783,0.3180687636713482,628.0,37.0,0.05,0.0589171974522293,0.9968712347031783,0.3180687636713482,578.0,12.0,12.0,25.0,117.32862641739399,2.4323427754242345e-27,118.32549765209717,2.0227613680705964e-26,628.0,20.0,0.01,0.03184713375796178,19.199514166342595,1.1774335330186596e-05,628.0,20.0,0.01,0.03184713375796178,19.199514166342595,1.1774335330186596e-05,602.0,5.0,5.0,15.0,96.72070381047038,7.983010710213475e-23,115.92021797681298,6.733556302602604e-26
20,variational_posterior,0,73,628.0,0.04754353267277441,0.06830804588007988,0.5461783439490446,-0.9374113781908333,0.035321660927036355,0.5496558227395851,0.08796803807530346,0.15312450794525428,0.10986965425576103,0.22138581539177432,0.14972779372131256,0.8646496815286624,0.9171974522292994,3.8758084987332446,0.024919813832341767,0.2543171131836325,0.39012738853503187,0.21120457904379192,0.2611464968152866,0.24179430431171345,0.08805942190717315,0.09554140127388536,0.058714996057038,0.03166053255377072,0.03184713375796178,0.01572081059243483,0.482484076433121,0.06591649781077379,0.1584194945075519,0.7579617834394905,0.1363918734451436,0.23142737758800971,0.8805732484076433,0.18197454878406588,0.3027628597678074,0.9315286624203821,0.2249622500997184,0.4032364724793301,628.0,38.0,0.05,0.06050955414012739,1.3724327642836442,0.2413943405626066,628.0,38.0,0.05,0.06050955414012739,1.3724327642836442,0.2413943405626066,578.0,11.0,11.0,27.0,131.61175194476402,1.8193847500612647e-30,132.98418470904767,1.3269397382555343e-29,628.0,21.0,0.01,0.03343949044585987,21.611701184207647,3.3380913554223225e-06,628.0,21.0,0.01,0.03343949044585987,21.611701184207647,3.3380913554223225e-06,602.0,4.0,4.0,17.0,115.3499185805469,6.596721425894905e-27,136.96161976475454,1.816193645437001e-30
20,variational_posterior,1,11,629.0,0.04849658386987411,0.06352106320979553,0.424483306836248,-1.0648801913336203,0.036051597888015055,0.466224150588651,0.11192282800237106,0.11061183130745873,0.09593349723860153,0.12877860155500964,0.14204970672244205,0.7694753577106518,0.863275039745628,3.5125764806747863,0.025696997933575796,0.2909621586287957,0.47058823529411764,0.3110046551224998,0.49761526232114467,0.23235028428232232,0.17138334994606508,0.18600953895071543,0.04142226578951959,0.039635676967163594,0.0397456279809221,0.00930687704479939,0.37042925278219396,0.056311195964230086,0.16086249351713205,0.6518282988871225,0.11146211216657963,0.24619273757953827,0.7647058823529411,0.1497531662719672,0.3233766038477646,0.8426073131955485,0.18673397617956006,0.41089237781044363,629.0,94.0,0.05,0.1494435612082671,87.52920973916298,8.304428900421064e-21,629.0,94.0,0.05,0.1494435612082671,87.52920973916298,8.304428900421064e-21,521.0,13.0,13.0,81.0,332.3957720835033,2.8906175136953995e-74,419.92498182266627,6.523021208297639e-92,629.0,54.0,0.01,0.08585055643879173,140.53496933498099,2.033432933006356e-32,629.0,54.0,0.01,0.08585055643879173,140.53496933498099,2.033432933006356e-32,561.0,13.0,13.0,41.0,184.40993313066812,5.279779408604151e-42,324.9449024656491,2.748596368041086e-71
20,variational_posterior,1,42,629.0,0.04831836563534358,0.06339662954520632,0.44038155802861684,-1.0126380631897482,0.035947050090287404,0.46746273534109617,0.11260987417965962,0.10653404430248338,0.09650870911896361,0.1294349688904702,0.1444555166739223,0.7742448330683624,0.8585055643879174,3.5006192712299087,0.02570835018293689,0.28734076402486486,0.47058823529411764,0.3089670167306472,0.49761526232114467,0.23136635191780883,0.1710131151711129,0.18600953895071543,0.041722986340626995,0.03967802608315644,0.0397456279809221,0.009273701459480614,0.37360890302066774,0.05627455246937082,0.16035964851533377,0.6581875993640699,0.11147129265715183,0.24691360296537998,0.7519872813990461,0.14885746120225,0.3226341335434224,0.8537360890302067,0.18653374642612292,0.41823230845300824,629.0,101.0,0.05,0.16057233704292528,105.00653719775187,1.2173355625018064e-24,629.0,101.0,0.05,0.16057233704292528,105.00653719775187,1.2173355625018064e-24,514.0,13.0,13.0,88.0,354.457166779071,4.5346697566028244e-79,459.46370397682284,1.6932627872695765e-100,629.0,54.0,0.01,0.08585055643879173,140.53496933498099,2.033432933006356e-32,629.0,54.0,0.01,0.08585055643879173,140.53496933498099,2.033432933006356e-32,560.0,14.0,14.0,40.0,174.75956564071743,6.756341035474817e-40,315.2945349756984,3.425008415323529e-69
20,variational_posterior,1,73,629.0,0.04807631703613412,0.06315611136636654,0.45151033386327505,-1.0625966174976955,0.03575669311194587,0.46727407806883586,0.11161590228397901,0.10994527821540227,0.0972825785242873,0.13767339132111067,0.14656243682001427,0.7837837837837838,0.863275039745628,3.4764462956701645,0.02557185937967401,0.286968889855245,0.47058823529411764,0.30778271884156866,0.49761526232114467,0.2325171567052536,0.1696649484195842,0.18600953895071543,0.04221157392530023,0.03955667163409607,0.0397456279809221,0.00914913680790896,0.37360890302066774,0.05615516227837062,0.1597281542440178,0.6565977742448331,0.11133509846262965,0.24541120601868271,0.7742448330683624,0.14891057041832464,0.321543499011064,0.8441971383147854,0.18778066537576865,0.4162340538585247,629.0,92.0,0.05,0.14626391096979333,82.75766725655365,9.275532650082012e-20,629.0,92.0,0.05,0.14626391096979333,82.75766725655365,9.275532650082012e-20,524.0,12.0,12.0,80.0,337.0716773003086,2.7708638533421575e-75,419.8293445568622,6.842521315025558e-92,629.0,42.0,0.01,0.06677265500794913,90.15965539984433,2.1969661281623428e-21,629.0,42.0,0.01,0.06677265500794913,90.15965539984433,2.1969661281623428e-21,576.0,10.0,10.0,32.0,160.9868930645451,6.886968652631488e-37,251.1465484643894,2.9121914765364244e-55
20,variational_posterior,2,11,629.0,0.038933468850022315,0.050805668996533764,0.6534181240063593,-0.9515604570298083,0.029131976125198206,0.5407407859417349,0.1203198714715825,0.07417565087113481,0.06985643398715982,0.09188702545021096,0.10750865149632675,0.7503974562798092,0.8473767885532592,3.660465414133486,0.021077157236244422,0.22751123638521814,0.3449920508744038,0.2365799887124851,0.27821939586645467,0.12232898061051575,0.0686783921223452,0.06677265500794913,0.021014606717051184,0.03697987301205369,0.03656597774244833,0.005762288742701757,0.3481717011128776,0.04081827900283916,0.13014017660140695,0.6120826709062003,0.08319855827160795,0.2058597081165666,0.739268680445151,0.11334233738335628,0.27106877612512287,0.809220985691574,0.14465410448567337,0.34910110083289025,629.0,77.0,0.05,0.12241653418124006,50.35652425739664,1.2820317159163786e-12,629.0,77.0,0.05,0.12241653418124006,50.35652425739664,1.2820317159163786e-12,536.0,15.0,15.0,62.0,253.71435625972308,4.024388421264328e-57,304.0708805171197,9.372322884041943e-67,629.0,34.0,0.01,0.05405405405405406,60.57493965690111,7.083000695902673e-15,629.0,34.0,0.01,0.05405405405405406,60.57493965690111,7.083000695902673e-15,585.0,9.0,9.0,25.0,131.8498922194013,1.6137127772956987e-30,192.42483187630242,1.6423989831512613e-42
20,variational_posterior,2,42,629.0,0.03908212504149092,0.051160951413530345,0.6518282988871225,-0.8855596352996837,0.02923136019045274,0.5423745134573749,0.12018409998386903,0.07261000488992243,0.06975464201181192,0.08729456222298924,0.10823946337209982,0.7456279809220986,0.8410174880763116,3.648428428768653,0.021225405950870774,0.2252171362041505,0.3449920508744038,0.23882931555716155,0.27821939586645467,0.12311823800584852,0.06888729229430893,0.06677265500794913,0.020983611588118328,0.03702578462797954,0.03656597774244833,0.005720277923605503,0.3497615262321145,0.040764411648475524,0.13017260681984852,0.6104928457869634,0.08332298286259512,0.20754332766520847,0.724960254372019,0.11368910893170499,0.27612425700275467,0.8012718600953895,0.14381812068946073,0.35535753864785635,629.0,81.0,0.05,0.1287758346581876,58.38743558730795,2.1526136910007167e-14,629.0,81.0,0.05,0.1287758346581876,58.38743558730795,2.1526136910007167e-14,533.0,14.0,14.0,67.0,278.0148028885267,2.033341793085196e-62,336.4022384758346,8.9368005394928e-74,629.0,43.0,0.01,0.06836248012718601,94.10051202003046,2.9990169720464976e-22,629.0,43.0,0.01,0.06836248012718601,94.10051202003046,2.9990169720464976e-22,570.0,15.0,15.0,28.0,118.44422264276389,1.3859726434817054e-27,212.54473466279435,7.022589602943407e-47
20,variational_posterior,2,73,629.0,0.03908427969450523,0.05087877153401289,0.6550079491255962,-0.7287594875118248,0.02916636182896533,0.5432421442232741,0.120907875541754,0.07174905273179347,0.06939407246073162,0.08863312028907624,0.10663332318565363,0.7567567567567568,0.8457869634340223,3.6415339523393264,0.021080734998479997,0.22754339862455927,0.3449920508744038,0.23622400943490737,0.27821939586645467,0.12344683518644074,0.06921037230620487,0.06677265500794913,0.02099391302436846,0.03723946682041062,0.03656597774244833,0.005733411628793883,0.35453100158982515,0.04068007055586345,0.12982468746484493,0.6168521462639109,0.08328923590958336,0.20565997268676553,0.7138314785373608,0.11335316705973786,0.27073214885065683,0.8012718600953895,0.14459854750155662,0.3500521990319317,629.0,83.0,0.05,0.13195548489666137,62.574176359685225,2.5659599798521635e-15,629.0,83.0,0.05,0.13195548489666137,62.574176359685225,2.5659599798521635e-15,531.0,14.0,14.0,69.0,284.9535095815303,6.254227975679314e-64,347.5276859412155,3.430218963651976e-76,629.0,37.0,0.01,0.058823529411764705,71.24485172284557,3.155331148291256e-17,629.0,37.0,0.01,0.058823529411764705,71.24485172284557,3.155331148291256e-17,582.0,9.0,9.0,28.0,147.07667137800513,7.550409542788858e-34,218.3215231008507,3.9091615485407165e-48
40,point_estimate,0,11,626.0,0.08295167955678076,0.11042626677276304,0.512779552715655,-0.245974685846979,0.08101570564149721,0.564230936992733,0.03862645986209124,,1.2187113486943544,,1.7979793973183344,0.829073482428115,0.8961661341853036,6.327665616847632,0.07955525510124588,0.2528797640002967,0.365814696485623,0.39554071469062574,0.46006389776357826,0.7642790015015579,0.32715416745388537,0.2012779552715655,0.5670196193507142,0.24775258926735969,0.06869009584664537,0.46591525556323116,0.7364217252396166,0.2687834622224538,0.3384475575146167,0.9584664536741214,0.9780217513158764,1.001622657126632,0.9856230031948882,1.6084491854041998,1.6205240141078978,0.9984025559105432,2.243377499713682,2.2441560119634114,626.0,0.0,0.05,0.0,64.21920457321332,1.1131837056252888e-15,626.0,0.0,0.05,0.0,64.21920457321332,1.1131837056252888e-15,625.0,0.0,0.0,0.0,0.0,1.0,64.21920457321332,1.1349504746479995e-14,626.0,0.0,0.01,0.0,12.583020488583816,0.00038926710832994516,626.0,0.0,0.01,0.0,12.583020488583816,0.00038926710832994516,625.0,0.0,0.0,0.0,0.0,1.0,12.583020488583816,0.0018519609203718004
40,point_estimate,0,42,626.0,0.08289484489426349,0.10968804213197975,0.4904153354632588,-0.24716448953861433,0.08063751319727352,0.5654161250799562,0.03814687371975602,,1.2231827984530304,,1.8116504423580115,0.829073482428115,0.902555910543131,6.2934612685336155,0.07937176264925186,0.25420005802529744,0.365814696485623,0.39145190622972376,0.46006389776357826,0.763768707971413,0.3250722129970842,0.2012779552715655,0.5666139649117415,0.24676586037473128,0.06869009584664537,0.4662081910134493,0.7428115015974441,0.2691980790290267,0.33611736078902266,0.9616613418530351,0.9730447684594333,0.9975784571622698,0.9888178913738019,1.6063342782907202,1.6167456520816348,0.9984025559105432,2.2444468189862956,2.251069493829735,626.0,0.0,0.05,0.0,64.21920457321332,1.1131837056252888e-15,626.0,0.0,0.05,0.0,64.21920457321332,1.1131837056252888e-15,625.0,0.0,0.0,0.0,0.0,1.0,64.21920457321332,1.1349504746479995e-14,626.0,0.0,0.01,0.0,12.583020488583816,0.00038926710832994516,626.0,0.0,0.01,0.0,12.583020488583816,0.00038926710832994516,625.0,0.0,0.0,0.0,0.0,1.0,12.583020488583816,0.0018519609203718004
40,point_estimate,0,73,626.0,0.08285502643963698,0.1102350268750421,0.5,-0.24859545368523622,0.08060130438656746,0.5635862387416645,0.038609746985356894,,1.2148403560481467,,1.7896583162742956,0.8354632587859425,0.9057507987220448,6.276045821062583,0.07914700785623721,0.2520609025606775,0.365814696485623,0.3934509726793246,0.46006389776357826,0.7626583731173745,0.328583550933513,0.2012779552715655,0.5669439639899841,0.24954613254782823,0.06869009584664537,0.4652292855339416,0.7460063897763578,0.26654699946413396,0.33657279103327925,0.963258785942492,0.9704073079824571,0.9957671074542086,0.987220447284345,1.5991624282649741,1.6107389142116773,0.9968051118210862,2.2301068258771974,2.232724310633708,626.0,0.0,0.05,0.0,64.21920457321332,1.1131837056252888e-15,626.0,0.0,0.05,0.0,64.21920457321332,1.1131837056252888e-15,625.0,0.0,0.0,0.0,0.0,1.0,64.21920457321332,1.1349504746479995e-14,626.0,0.0,0.01,0.0,12.583020488583816,0.00038926710832994516,626.0,0.0,0.01,0.0,12.583020488583816,0.00038926710832994516,625.0,0.0,0.0,0.0,0.0,1.0,12.583020488583816,0.0018519609203718004
40,point_estimate,1,11,627.0,0.07142151688520945,0.09651233856406405,0.532695374800638,-0.7191496962541905,0.055558991293899435,0.44273384328795934,0.061452283858956624,0.07602067037417748,0.8392856255188401,,1.4855185536076074,0.9457735247208932,0.9856459330143541,4.882927285854055,0.049123483523456385,0.2512828085750949,0.4481658692185008,0.23539064030309642,0.7304625199362041,0.6047141475104734,0.24527412564088927,0.3572567783094099,0.3706715695103286,0.14502485125994063,0.1467304625199362,0.2735916243210215,0.5725677830940988,0.12056417082516971,0.2298230174557644,0.9122807017543859,0.45654609802780755,0.488643798527635,0.9920255183413078,0.9026523419192368,0.9052095971162228,1.0,1.468319928016265,1.468319928016265,627.0,4.0,0.05,0.006379585326953748,39.465658339763195,3.3387972137416324e-10,627.0,4.0,0.05,0.006379585326953748,39.465658339763195,3.3387972137416324e-10,621.0,1.0,1.0,3.0,29.035881597715914,7.105002063182269e-08,68.50153993747911,1.3337658751036093e-15,627.0,0.0,0.01,0.0,12.603121160290819,0.0003851031499353354,627.0,0.0,0.01,0.0,12.603121160290819,0.0003851031499353354,626.0,0.0,0.0,0.0,0.0,1.0,12.603121160290819,0.0018334413111680836
40,point_estimate,1,42,627.0,0.07089272669953588,0.09552057390017568,0.529505582137161,-0.7186720347792337,0.055425672216052005,0.4410956779725644,0.060966316055656,0.0813198228567858,0.8400460028930911,,1.4756337527343133,0.9441786283891547,0.9744816586921851,4.878497153865099,0.04927597441837096,0.24965959007618724,0.4481658692185008,0.2367938472984489,0.7304625199362041,0.6018907385460465,0.24521146005347091,0.3572567783094099,0.36976464410510296,0.14628218358371767,0.1467304625199362,0.2737839688352362,0.5582137161084529,0.12045925747319422,0.22914405293675016,0.9186602870813397,0.45651502684289486,0.48925356903370876,0.9904306220095693,0.9152278154750388,0.9186208714164713,0.9968102073365231,1.473900264892209,1.4750163095788837,627.0,6.0,0.05,0.009569377990430622,31.922414350420397,1.604549118047645e-08,627.0,6.0,0.05,0.009569377990430622,31.922414350420397,1.604549118047645e-08,616.0,4.0,4.0,2.0,11.753689392244077,0.0006072275363505858,43.67610374266447,3.279854490003626e-10,627.0,0.0,0.01,0.0,12.603121160290819,0.0003851031499353354,627.0,0.0,0.01,0.0,12.603121160290819,0.0003851031499353354,626.0,0.0,0.0,0.0,0.0,1.0,12.603121160290819,0.0018334413111680836
40,point_estimate,1,73,627.0,0.07045934102759373,0.09582799036248167,0.5374800637958532,-0.7151746573087959,0.05586505206166146,0.44119195157042795,0.062447874022316205,0.07759743719087304,0.830261454029907,,1.4597031800461275,0.9393939393939394,0.9728867623604466,4.877722870565485,0.04952321872953346,0.25002946386089026,0.4481658692185008,0.23769794140778866,0.7304625199362041,0.6018432929493159,0.24608676838197338,0.3572567783094099,0.37045216940963216,0.14784377559491568,0.1467304625199362,0.27466743012813,0.5869218500797448,0.12009699972602704,0.22978698735449976,0.9059011164274322,0.4595348978792507,0.5000733946138619,0.9856459330143541,0.9081035495184342,0.9121768722562748,0.9968102073365231,1.4726194332034523,1.4735822799216962,627.0,7.0,0.05,0.011164274322169059,28.691869771940617,8.485924860376134e-08,627.0,7.0,0.05,0.011164274322169059,28.691869771940617,8.485924860376134e-08,616.0,3.0,3.0,4.0,29.30648670298745,6.178850713710154e-08,57.998356474928066,2.5457567956059244e-13,627.0,0.0,0.01,0.0,12.603121160290819,0.0003851031499353354,627.0,0.0,0.01,0.0,12.603121160290819,0.0003851031499353354,626.0,0.0,0.0,0.0,0.0,1.0,12.603121160290819,0.0018334413111680836
40,point_estimate,2,11,627.0,0.05804250331334717,0.07360959018786434,0.6411483253588517,-0.8196964332874649,0.045033319802854285,0.5618483170790735,0.06248964894697359,0.1755879421759604,0.7751567174070951,,1.3665315045033302,0.9712918660287081,0.9792663476874003,6.044204902798125,0.04191699564996474,0.22111820093969511,0.3397129186602871,0.2542540923221384,0.518341307814992,0.5579979541552318,0.16226228719353686,0.16267942583732056,0.33105908405480355,0.1072236058173532,0.10047846889952153,0.24318178892126208,0.5629984051036683,0.10328197643446975,0.1835882452733399,0.8803827751196173,0.39488907425227865,0.42934309130173637,0.9968102073365231,0.8146798735174416,0.8152011803589856,1.0,1.3318651612774723,1.3318651612774723,627.0,1.0,0.05,0.001594896331738437,55.33037178396204,1.0188215522182786e-13,627.0,1.0,0.05,0.001594896331738437,55.33037178396204,1.0188215522182786e-13,624.0,1.0,1.0,0.0,0.0032000013652346837,0.9548888842421291,55.33357178532728,9.64867226011276e-13,627.0,0.0,0.01,0.0,12.603121160290819,0.0003851031499353354,627.0,0.0,0.01,0.0,12.603121160290819,0.0003851031499353354,626.0,0.0,0.0,0.0,0.0,1.0,12.603121160290819,0.0018334413111680836
40,point_estimate,2,42,627.0,0.05818051812102325,0.07211495529841212,0.6283891547049442,-0.8133383783495488,0.044895690532788496,0.557144821040232,0.06222199750251227,,0.7644301799810806,,1.3507465770467246,0.9728867623604466,0.9808612440191388,6.040528287321521,0.041768350483021875,0.22216865947449693,0.3397129186602871,0.25360227597994306,0.518341307814992,0.5582007809032665,0.1603889720571456,0.16267942583732056,0.33111483566241556,0.10662495257324511,0.10047846889952153,0.24398109834503937,0.5677830940988836,0.1035713644913463,0.18296449773693693,0.9011164274322169,0.3936182789249004,0.42085184806067016,0.9936204146730463,0.8127779009032305,0.814893681229144,1.0,1.3475428343742015,1.3475428343742015,627.0,0.0,0.05,0.0,64.32179116198843,1.0567052697714357e-15,627.0,0.0,0.05,0.0,64.32179116198843,1.0567052697714357e-15,626.0,0.0,0.0,0.0,0.0,1.0,64.32179116198843,1.0782029509155964e-14,627.0,0.0,0.01,0.0,12.603121160290819,0.0003851031499353354,627.0,0.0,0.01,0.0,12.603121160290819,0.0003851031499353354,626.0,0.0,0.0,0.0,0.0,1.0,12.603121160290819,0.0018334413111680836
40,point_estimate,2,73,627.0,0.059490218672434224,0.07413657611300709,0.5996810207336523,-0.8135155634427786,0.0451743888138361,0.5599326302490343,0.06294980395999249,,0.7698911435717828,,1.3648369839937777,0.9776714513556619,0.9808612440191388,6.050519847520385,0.04199977225575083,0.22274072276522713,0.3397129186602871,0.2520090829187853,0.518341307814992,0.5579794938525268,0.16188735534168733,0.16267942583732056,0.331228429162525,0.10682024153148847,0.10047846889952153,0.24284317708192904,0.5677830940988836,0.10367081010435995,0.1845370119322299,0.8708133971291866,0.39383692668782455,0.4281339299413962,0.9856459330143541,0.8076013341605212,0.8113555608490157,1.0,1.3440361066510318,1.3440361066510318,627.0,0.0,0.05,0.0,64.32179116198843,1.0567052697714357e-15,627.0,0.0,0.05,0.0,64.32179116198843,1.0567052697714357e-15,626.0,0.0,0.0,0.0,0.0,1.0,64.32179116198843,1.0782029509155964e-14,627.0,0.0,0.01,0.0,12.603121160290819,0.0003851031499353354,627.0,0.0,0.01,0.0,12.603121160290819,0.0003851031499353354,626.0,0.0,0.0,0.0,0.0,1.0,12.603121160290819,0.0018334413111680836
40,posterior_mean_mc,0,11,626.0,0.07343836048397243,0.10299267634495428,0.560702875399361,-0.6959863067047932,0.05456141913192925,0.5384706716542664,0.07610651033606393,0.21370164632592295,0.15377924253424677,0.26710826831279005,0.21622227408007136,0.8466453674121406,0.9121405750798722,6.48312925732726,0.039388283480532145,0.257683172272691,0.365814696485623,0.28329984317095414,0.46006389776357826,0.42528102237943216,0.1721720248307061,0.2012779552715655,0.13482169024025373,0.06969859113405678,0.06869009584664537,0.04125973782700855,0.49201277955271566,0.11279663298838857,0.2415673103623864,0.8674121405750799,0.25296885123808344,0.3814320004513237,0.9073482428115016,0.3423214667162867,0.5133071574401152,0.9472843450479234,0.41662554713379457,0.6573396107342546,626.0,44.0,0.05,0.07028753993610223,4.843459066737296,0.027751176372809373,626.0,44.0,0.05,0.07028753993610223,4.843459066737296,0.027751176372809373,576.0,5.0,5.0,39.0,229.67401944550735,7.021561790465528e-52,234.51747851224465,1.1889855761683946e-51,626.0,24.0,0.01,0.038338658146964855,29.538656686242604,5.481250191427733e-08,626.0,24.0,0.01,0.038338658146964855,29.538656686242604,5.481250191427733e-08,596.0,5.0,5.0,19.0,121.1184864333637,3.599773293232071e-28,150.6571431196063,1.9284884489641225e-33
40,posterior_mean_mc,0,42,626.0,0.07278097919958176,0.10228168623401462,0.5654952076677316,-0.6936318174722406,0.05439098618325954,0.5394087545153232,0.07605237096595467,0.222347481277174,0.15367105431354766,0.25434893074625764,0.21438819341317436,0.8642172523961661,0.9089456869009584,6.429181301244143,0.03923697793393049,0.2594727491503928,0.365814696485623,0.2818673542996616,0.46006389776357826,0.4269610722685662,0.17067303936044137,0.2012779552715655,0.13485526582651572,0.06910675065015118,0.06869009584664537,0.04128553240488954,0.4984025559105431,0.11300075582373895,0.2406788065437817,0.8642172523961661,0.2537845277077274,0.3773724047795411,0.9249201277955271,0.3432788556573193,0.5087775772812918,0.939297124600639,0.41626545586700997,0.6582234937697085,626.0,41.0,0.05,0.06549520766773163,2.895306978563383,0.08883785122149619,626.0,41.0,0.05,0.06549520766773163,2.895306978563383,0.08883785122149619,582.0,2.0,2.0,39.0,259.94963434624253,1.759927003438667e-58,262.8449413248059,8.39355988339893e-58,626.0,29.0,0.01,0.0463258785942492,44.28549870904902,2.838108310004414e-11,626.0,29.0,0.01,0.0463258785942492,44.28549870904902,2.838108310004414e-11,593.0,3.0,3.0,26.0,177.69442026071385,1.5446834342133807e-40,221.97991896976288,6.275857140761941e-49
40,posterior_mean_mc,0,73,626.0,0.0730162178656813,0.10216612917622314,0.5623003194888179,-0.6795680699756055,0.05441857675010842,0.5403024217916957,0.07629034894419806,0.21466271883414037,0.15396932889103923,0.26100473838181737,0.21693739478930957,0.8514376996805112,0.9073482428115016,6.428552034555749,0.03941581975352404,0.25689994209469547,0.365814696485623,0.28088643726389656,0.46006389776357826,0.42734467863822156,0.1716978956765783,0.2012779552715655,0.13422483801001314,0.06927632010681566,0.06869009584664537,0.04116892041845145,0.49201277955271566,0.11224009105795812,0.24163170412343482,0.854632587859425,0.2530295896828433,0.37999610931436784,0.9185303514376997,0.34202251251661536,0.5106128172309117,0.939297124600639,0.4155846278793123,0.6681542451396789,626.0,43.0,0.05,0.06869009584664537,4.143761398524248,0.041788216537637986,626.0,43.0,0.05,0.06869009584664537,4.143761398524248,0.041788216537637986,577.0,5.0,5.0,38.0,224.71522189065612,8.470748387485892e-51,228.85898328918037,2.0132755149216518e-50,626.0,27.0,0.01,0.04313099041533546,38.15141308507043,6.546231670264707e-10,626.0,27.0,0.01,0.04313099041533546,38.15141308507043,6.546231670264707e-10,596.0,2.0,2.0,25.0,181.42594102190975,2.3663892183572575e-41,219.57735410698018,2.086331812291823e-48
40,posterior_mean_mc,1,11,627.0,0.06734611498017555,0.09189957847275639,0.5518341307814992,-0.348199972490855,0.05224844788861707,0.4230906471533671,0.11143675713262932,0.14490208334808485,0.11167089503929836,0.18813788004727194,0.17928581840818336,0.7256778309409888,0.8118022328548644,4.943567903505554,0.03925743460936699,0.2579928064353543,0.4481658692185008,0.346344392556502,0.7304625199362041,0.3364001917266856,0.30155141806605024,0.3572567783094099,0.07674849119730444,0.14329229754428485,0.1467304625199362,0.021454271557451016,0.3939393939393939,0.06833539656001959,0.23185299732986858,0.6060606060606061,0.13970952824865998,0.3917191550144205,0.7240829346092504,0.19216911631827063,0.5446018603378551,0.8118022328548644,0.2449945767461545,0.7544342587971669,627.0,136.0,0.05,0.21690590111642744,209.412493956003,1.8452015331231928e-47,627.0,136.0,0.05,0.21690590111642744,209.412493956003,1.8452015331231928e-47,480.0,10.0,10.0,126.0,486.22894422914675,9.426648306897086e-108,695.6414381851498,8.777705514047635e-152,627.0,69.0,0.01,0.11004784688995216,212.0739981771464,4.84605703140457e-48,627.0,69.0,0.01,0.11004784688995216,212.0739981771464,4.84605703140457e-48,544.0,13.0,13.0,56.0,244.25145132009314,4.6529942009862646e-55,456.32544949723956,8.131818292642051e-100
40,posterior_mean_mc,1,42,627.0,0.06720129774194335,0.09178863366615338,0.5518341307814992,-0.28280115660511296,0.05213629268964334,0.42233607289967057,0.11111141519409688,0.14676981270259096,0.11187405107334336,0.18587816914528218,0.18005625299435407,0.7304625199362041,0.8133971291866029,4.950861397340829,0.039078492489979064,0.2539882592184558,0.4481658692185008,0.3449621162214713,0.7304625199362041,0.33680239077334523,0.3016658474307115,0.3572567783094099,0.07743876029088809,0.14351901499058545,0.1467304625199362,0.021302121012927368,0.3875598086124402,0.06841167206180669,0.23091407306530867,0.6108452950558214,0.14007571046608774,0.38955093014404224,0.7240829346092504,0.1922409075608287,0.540737363485101,0.8022328548644339,0.24436349858030687,0.747782569300062,627.0,132.0,0.05,0.21052631578947367,196.27861221405146,1.355062503476947e-44,627.0,132.0,0.05,0.21052631578947367,196.27861221405146,1.355062503476947e-44,483.0,11.0,11.0,121.0,463.72185899430946,7.446590690464265e-103,660.000471208361,4.8163567774647607e-144,627.0,72.0,0.01,0.11483253588516747,227.2479450228434,2.3742983092711172e-51,627.0,72.0,0.01,0.11483253588516747,227.2479450228434,2.3742983092711172e-51,544.0,10.0,10.0,62.0,288.6747245533372,9.66772039392001e-65,515.9226695761806,9.307129508115639e-113
40,posterior_mean_mc,1,73,627.0,0.0672580167505203,0.09177458761758162,0.5518341307814992,-0.36511567684677226,0.0521557174833998,0.4199150537679917,0.11069555704769708,0.14598432568998201,0.11181469619368943,0.1805655809945255,0.17968219730584395,0.7240829346092504,0.8006379585326954,4.9358769128696265,0.03917931840350594,0.2542952813844361,0.4481658692185008,0.34636160623553475,0.7304625199362041,0.335230312197144,0.30239609820263763,0.3572567783094099,0.07838262055579191,0.14363918762143854,0.1467304625199362,0.02105481116584013,0.3939393939393939,0.06804138610882794,0.23132255431084206,0.6060606060606061,0.13963362449810737,0.3914875843928426,0.7288676236044657,0.19241081495977194,0.541441896804492,0.8054226475279107,0.24511882722085324,0.7529189436398285,627.0,134.0,0.05,0.21371610845295055,202.80758761784864,5.095352472862706e-46,627.0,134.0,0.05,0.21371610845295055,202.80758761784864,5.095352472862706e-46,480.0,12.0,12.0,122.0,456.50973163737024,2.7633771777290198e-101,659.3173192552189,6.777401463609443e-144,627.0,76.0,0.01,0.12121212121212122,247.9176038371,7.3863226687548335e-56,627.0,76.0,0.01,0.12121212121212122,247.9176038371,7.3863226687548335e-56,534.0,16.0,16.0,60.0,239.93329877142847,4.066767819900104e-54,487.8509026085285,1.160172328463341e-106
40,posterior_mean_mc,2,11,627.0,0.04918495046155453,0.0635672217203652,0.6602870813397129,-1.136740331490153,0.036447161682505155,0.5385312252483669,0.11384489509629687,0.07580442175171778,0.08871032890277598,0.10633748162724214,0.1441493741698758,0.7256778309409888,0.835725677830941,5.7784204665509025,0.026029908663562563,0.22413170336308716,0.3397129186602871,0.35046309320668206,0.518341307814992,0.23193788697902845,0.15980910383553507,0.16267942583732056,0.04539803872444078,0.10069938021985968,0.10047846889952153,0.012530668469501882,0.3684210526315789,0.05569332183322434,0.16241034683440683,0.6491228070175439,0.11373184212584936,0.25402570283323517,0.7464114832535885,0.15507834438465576,0.32656540387095195,0.8389154704944178,0.19835812028874777,0.40467508481137204,627.0,56.0,0.05,0.08931419457735247,16.709861664447658,4.355400739115897e-05,627.0,56.0,0.05,0.08931419457735247,16.709861664447658,4.355400739115897e-05,560.0,11.0,10.0,45.0,216.37091582512417,5.5976885327832124e-49,233.08077748957183,2.4386655840206107e-51,627.0,15.0,0.01,0.023923444976076555,8.831574538799401,0.0029606283243876277,627.0,15.0,0.01,0.023923444976076555,8.831574538799401,0.0029606283243876277,606.0,5.0,5.0,10.0,64.46568756038394,9.822814466388106e-16,73.29726209918334,1.2125558908494364e-16
40,posterior_mean_mc,2,42,627.0,0.04926539339569476,0.063424138064427,0.6602870813397129,-1.1752832039322614,0.036405743612903003,0.5389084011985917,0.1145528785039396,0.07655701806436663,0.08821189526224756,0.10207456016663963,0.14313472170145825,0.7416267942583732,0.835725677830941,5.806180746885177,0.025843254431054667,0.2236480369564044,0.3397129186602871,0.3499958490199101,0.518341307814992,0.22929793593257428,0.1592132860164983,0.16267942583732056,0.045336715324141935,0.10059495375722255,0.10047846889952153,0.012050987561027867,0.3668261562998405,0.05566168527502273,0.16328398363060578,0.6523125996810207,0.11357681257353382,0.250256559805571,0.7671451355661882,0.1551495544611568,0.3174649495996967,0.8516746411483254,0.19785762552795305,0.39346333436027686,627.0,53.0,0.05,0.08452950558213716,13.154850811335734,0.000286775867014774,627.0,53.0,0.05,0.08452950558213716,13.154850811335734,0.000286775867014774,562.0,12.0,11.0,41.0,192.86524106511436,7.532424241419555e-44,206.0200918764501,1.8336036653127138e-45,627.0,16.0,0.01,0.025518341307814992,10.671317630277684,0.0010880958154329658,627.0,16.0,0.01,0.025518341307814992,10.671317630277684,0.0010880958154329658,604.0,7.0,6.0,9.0,52.245436835538584,4.897962247826827e-13,62.91675446581627,2.176708925728693e-14
40,posterior_mean_mc,2,73,627.0,0.04933630248516148,0.06363581697295406,0.6602870813397129,-1.0066965263886254,0.03638815919672723,0.5371562199687844,0.11414679351450861,0.07562309481340128,0.08896085255378156,0.0933683585378602,0.14492704044837973,0.7432216905901117,0.835725677830941,5.808495761986948,0.026042316436979684,0.2246624594506341,0.3397129186602871,0.3488853704341091,0.518341307814992,0.23143917121472127,0.1599072345098498,0.16267942583732056,0.04544995624985461,0.10063902960775636,0.10047846889952153,0.012257651121485923,0.3684210526315789,0.05539204709420696,0.162331303574628,0.6586921850079744,0.1138037410232478,0.25218851391339203,0.7607655502392344,0.15547752063261377,0.32804200471042655,0.835725677830941,0.19857148651346232,0.4104066432869224,627.0,56.0,0.05,0.08931419457735247,16.709861664447658,4.355400739115897e-05,627.0,56.0,0.05,0.08931419457735247,16.709861664447658,4.355400739115897e-05,558.0,13.0,12.0,43.0,195.4509509637534,2.0539607541770914e-44,212.16081262820106,8.508733074748239e-47,627.0,17.0,0.01,0.02711323763955343,12.639415553271107,0.0003776980398798208,627.0,17.0,0.01,0.02711323763955343,12.639415553271107,0.0003776980398798208,601.0,8.0,8.0,9.0,47.42214011731771,5.723260225454202e-12,60.06155567058882,9.074002589542644e-14
40,variational_posterior,0,11,626.0,0.07360197351542014,0.10302159934416905,0.5638977635782748,-0.7326796756483823,0.054407784996858964,0.5373650671608099,0.07594750448517457,0.2111048952684827,0.15969546876787546,0.26281330490427635,0.22387817561806264,0.8578274760383386,0.9121405750798722,6.483817904684751,0.039274140115271645,0.25634541544063333,0.365814696485623,0.2826352574839996,0.46006389776357826,0.42815140495369364,0.17027970152739988,0.2012779552715655,0.14035251170978194,0.06985509443112407,0.06869009584664537,0.04432493465794263,0.4952076677316294,0.11405729275373784,0.24097393041417062,0.8594249201277955,0.25629616744401745,0.3803425669370501,0.9105431309904153,0.34752420310037163,0.5062651649775223,0.9424920127795527,0.42404239688476136,0.6661361387927256,626.0,45.0,0.05,0.07188498402555911,5.592051622119243,0.018042152229777397,626.0,45.0,0.05,0.07188498402555911,5.592051622119243,0.018042152229777397,575.0,5.0,5.0,40.0,234.58977529271536,5.94882364913184e-53,240.1818269148346,7.001304376996034e-53,626.0,26.0,0.01,0.04153354632587859,35.19919431475185,2.9764666382181133e-09,626.0,26.0,0.01,0.04153354632587859,35.19919431475185,2.9764666382181133e-09,596.0,3.0,3.0,23.0,159.8836896703062,1.1996672373587011e-36,195.08288398505806,4.34800450868692e-43
40,variational_posterior,0,42,626.0,0.07308205450670341,0.10248307944946411,0.5591054313099042,-0.7371006861064126,0.05428660882806321,0.537336150295721,0.07526030551720475,0.21405642635566993,0.16005005410613998,0.2717424577453125,0.2247967946910431,0.865814696485623,0.9057507987220448,6.443103170294323,0.03913631975951498,0.25634532611245986,0.365814696485623,0.27878019492220746,0.46006389776357826,0.4301980067601312,0.1694570808317936,0.2012779552715655,0.14192894795200484,0.06919601197846388,0.06869009584664537,0.04563005674846951,0.5143769968051118,0.11487489639596296,0.24042009909090337,0.8578274760383386,0.25729740710693133,0.37963906964243216,0.9201277955271565,0.3484043367173807,0.5049586402143906,0.9456869009584664,0.42535637206027455,0.6566829220030564,626.0,44.0,0.05,0.07028753993610223,4.843459066737296,0.027751176372809373,626.0,44.0,0.05,0.07028753993610223,4.843459066737296,0.027751176372809373,578.0,3.0,3.0,41.0,258.8550767960851,3.0484855230826902e-58,263.6985358628224,5.4776022645429544e-58,626.0,24.0,0.01,0.038338658146964855,29.538656686242604,5.481250191427733e-08,626.0,24.0,0.01,0.038338658146964855,29.538656686242604,5.481250191427733e-08,598.0,3.0,3.0,21.0,147.66200340781668,5.623621961104334e-34,177.2006600940593,3.321739460930598e-39
40,variational_posterior,0,73,626.0,0.07308554058699822,0.10234902460427013,0.549520766773163,-0.7384540598423107,0.05434185305610475,0.5376605963648936,0.07490843940334373,0.21170305906237033,0.16076249782159063,0.2631667242906435,0.22980942900190407,0.8594249201277955,0.902555910543131,6.457240572387945,0.03928868175425102,0.25617831771840166,0.365814696485623,0.28199729193629847,0.46006389776357826,0.4289482535948448,0.17027560842549247,0.2012779552715655,0.14130905065405397,0.0693833438554493,0.06869009584664537,0.044592036557621346,0.5111821086261981,0.11387396521762931,0.24099612089375724,0.8610223642172524,0.25758115951684446,0.3817177345107993,0.9137380191693291,0.3480127765566807,0.5116819087479478,0.9408945686900958,0.4244674995819773,0.654726739359515,626.0,45.0,0.05,0.07188498402555911,5.592051622119243,0.018042152229777397,626.0,45.0,0.05,0.07188498402555911,5.592051622119243,0.018042152229777397,577.0,3.0,3.0,42.0,263.8626847481326,2.4692581130318693e-59,269.45473637025185,3.080686006360404e-59,626.0,24.0,0.01,0.038338658146964855,29.538656686242604,5.481250191427733e-08,626.0,24.0,0.01,0.038338658146964855,29.538656686242604,5.481250191427733e-08,595.0,6.0,6.0,18.0,109.31785497949471,1.3824140798879134e-25,138.85651166573732,7.041928377688476e-31
40,variational_posterior,1,11,627.0,0.06743085139290657,0.09181648861733352,0.5518341307814992,-0.5547346312733801,0.05213149075132439,0.4218548251491122,0.10889487811051471,0.1426525428348133,0.1143792197719468,0.18775708114988604,0.18622692897760182,0.7384370015948963,0.8133971291866029,4.948685962558026,0.03910769353781696,0.254227738852345,0.4481658692185008,0.3421844022480011,0.7304625199362041,0.34271121626903606,0.30037767433659524,0.3572567783094099,0.07942832118214634,0.14313541398223492,0.1467304625199362,0.02252361416753412,0.3923444976076555,0.0708270295625685,0.23133466690137797,0.6363636363636364,0.1445484895031812,0.38925505389595866,0.7272727272727273,0.19767412522760053,0.5496264756958665,0.8070175438596491,0.2511080740208787,0.7307169007480396,627.0,140.0,0.05,0.22328548644338117,222.84687758795678,2.164834541725396e-50,627.0,140.0,0.05,0.22328548644338117,222.84687758795678,2.164834541725396e-50,471.0,15.0,15.0,125.0,436.19511404872645,7.286922172957424e-97,659.0419916366832,7.777675952460929e-144,627.0,68.0,0.01,0.10845295055821372,207.08061771626376,5.954057925315645e-47,627.0,68.0,0.01,0.10845295055821372,207.08061771626376,5.954057925315645e-47,544.0,14.0,14.0,54.0,230.24563284099796,5.269559110747261e-52,437.3262505572617,1.0859536660292878e-95
40,variational_posterior,1,42,627.0,0.06742760038126323,0.09203533250038029,0.5518341307814992,-0.3457559457920998,0.052161377504184904,0.42123616696331184,0.10899571748977453,0.14686082843750214,0.11497180719363638,0.18188691827840617,0.18710712446759079,0.7368421052631579,0.8038277511961722,4.952956329091323,0.039284533539793116,0.25405395652500135,0.4481658692185008,0.340912888818409,0.7304625199362041,0.3419377661409823,0.29940713293760324,0.3572567783094099,0.0803909231636396,0.14334155070254062,0.1467304625199362,0.022228023540309897,0.40350877192982454,0.07083054049811517,0.23134265078180594,0.6188197767145136,0.1450865382866653,0.39077064850241083,0.7320574162679426,0.19837802691518694,0.5459181606365245,0.8070175438596491,0.25289815640322827,0.7675664506715263,627.0,133.0,0.05,0.21212121212121213,199.5335567552329,2.6401027745926224e-45,627.0,133.0,0.05,0.21212121212121213,199.5335567552329,2.6401027745926224e-45,481.0,12.0,12.0,121.0,454.03798225714326,9.535589115293151e-101,653.5715390123762,1.1987911798686735e-142,627.0,73.0,0.01,0.11642743221690591,232.36920864991396,1.8141322361892638e-52,627.0,73.0,0.01,0.11642743221690591,232.36920864991396,1.8141322361892638e-52,538.0,15.0,15.0,58.0,238.9108204581859,6.79512555990377e-54,471.2800291080998,4.600891202191451e-103
40,variational_posterior,1,73,627.0,0.06722482483051952,0.09169237409783267,0.5518341307814992,-0.41861104463017296,0.05201742987501395,0.4216646056058299,0.10842925922015205,0.14893209510637948,0.11519784974576307,0.18715898854914628,0.18812319054624194,0.7352472089314195,0.8022328548644339,4.912398097395253,0.03893739669223516,0.2545043655375548,0.4481658692185008,0.339964195635227,0.7304625199362041,0.3435103160389411,0.29939844640349966,0.3572567783094099,0.08102407670169948,0.14344514785596432,0.1467304625199362,0.022936567854028506,0.4098883572567783,0.07064831862709327,0.2305197236161883,0.6236044657097288,0.14500870576601793,0.38675793213501614,0.748006379585327,0.19807965146357803,0.5381158144929482,0.8213716108452951,0.2520175969945189,0.7384102071805246,627.0,129.0,0.05,0.20574162679425836,186.6293628751132,1.7302234004451938e-42,627.0,129.0,0.05,0.20574162679425836,186.6293628751132,1.7302234004451938e-42,483.0,14.0,14.0,115.0,420.7441794969899,1.6806107447868363e-93,607.3735423721031,1.2897663644774397e-132,627.0,65.0,0.01,0.10366826156299841,192.30016409104638,1.0006227704206938e-43,627.0,65.0,0.01,0.10366826156299841,192.30016409104638,1.0006227704206938e-43,548.0,13.0,13.0,52.0,228.81669026702056,1.0799546986624484e-51,421.1168543580669,3.594487336516022e-92
40,variational_posterior,2,11,627.0,0.04952429128968031,0.06388707229124405,0.6586921850079744,-1.2200367863714503,0.036396375670896326,0.5392414917831578,0.1101620020690035,0.07624289135619673,0.09255726564248878,0.10675420045987544,0.14773940674234748,0.748006379585327,0.8452950558213717,5.812671154621059,0.025845843577284575,0.224406889113809,0.3397129186602871,0.3479366745002596,0.518341307814992,0.23573072455290572,0.1592227025804629,0.16267942583732056,0.04777166690081889,0.10081370108888114,0.10047846889952153,0.013236102044031287,0.37799043062200954,0.05794337111226017,0.16226878447266094,0.6666666666666666,0.11846863302827461,0.25228491006746506,0.7639553429027113,0.16158766821964637,0.32199910250566266,0.8548644338118022,0.20654093353461317,0.3861275148618483,627.0,55.0,0.05,0.08771929824561403,15.484773430674807,8.317256004933502e-05,627.0,55.0,0.05,0.08771929824561403,15.484773430674807,8.317256004933502e-05,560.0,12.0,11.0,43.0,201.46011696997832,1.0027838778892964e-45,216.94489040065312,7.780645184785905e-48,627.0,13.0,0.01,0.02073365231259968,5.571730368798441,0.01825271440980147,627.0,13.0,0.01,0.02073365231259968,5.571730368798441,0.01825271440980147,605.0,8.0,8.0,5.0,23.82141778914699,1.0569977099341768e-06,29.393148157945433,4.14342015833621e-07
40,variational_posterior,2,42,627.0,0.04921988430844062,0.06344900817756298,0.6602870813397129,-1.1800053758879552,0.036255400120073465,0.5374690574290226,0.11030979444012803,0.07947393266727242,0.09151213784940829,0.11545266910206348,0.14754298926588844,0.7464114832535885,0.8421052631578947,5.779318378645469,0.025668964774252283,0.22294429818775993,0.3397129186602871,0.3466937675893747,0.518341307814992,0.23528192833459913,0.158653882630633,0.16267942583732056,0.046848329613821696,0.10055965707919923,0.10047846889952153,0.01265637613504662,0.379585326953748,0.05771096854850623,0.1619312140205796,0.6602870813397129,0.11801103932706176,0.24843829761670919,0.7783094098883573,0.1610990953572274,0.31599991329303556,0.8580542264752791,0.2050521288001074,0.38674375611680517,627.0,49.0,0.05,0.07814992025518341,8.995630566726788,0.0027062587928694966,627.0,49.0,0.05,0.07814992025518341,8.995630566726788,0.0027062587928694966,565.0,13.0,12.0,36.0,165.36849327293925,7.600006545397935e-38,174.36412383966604,1.3718656666987583e-38,627.0,11.0,0.01,0.017543859649122806,2.9427509844296793,0.0862637011107173,627.0,11.0,0.01,0.017543859649122806,2.9427509844296793,0.0862637011107173,611.0,4.0,4.0,7.0,48.04042978254318,4.175205477713203e-12,50.98318076697286,8.494600551709953e-12
40,variational_posterior,2,73,627.0,0.049368329319280986,0.06366255062191305,0.6586921850079744,-1.1586924003361057,0.03622424349259573,0.5376328667269564,0.1097810967779777,0.07814932011032087,0.09199719018299578,0.1061034824004498,0.1467323418042878,0.7352472089314195,0.8405103668261563,5.792629679588424,0.025683181540431185,0.2232550410539924,0.3397129186602871,0.3476524578536726,0.518341307814992,0.2354576466273557,0.159515213768033,0.16267942583732056,0.047702131297062085,0.10073725127535103,0.10047846889952153,0.012881763495398928,0.38118022328548645,0.058228530486089794,0.16122212249093076,0.6650717703349283,0.11833655002900195,0.24709392749239756,0.7719298245614035,0.16108467676444085,0.3198726057939232,0.8596491228070176,0.20498549190666665,0.39253471276941204,627.0,53.0,0.05,0.08452950558213716,13.154850811335734,0.000286775867014774,627.0,53.0,0.05,0.08452950558213716,13.154850811335734,0.000286775867014774,561.0,13.0,12.0,40.0,182.73645193286836,1.2245207856686838e-41,195.8913027442041,2.9023119010261842e-43,627.0,19.0,0.01,0.030303030303030304,16.93205119090652,3.874188949160715e-05,627.0,19.0,0.01,0.030303030303030304,16.93205119090652,3.874188949160715e-05,601.0,6.0,6.0,13.0,79.18341937500486,5.660313355370999e-19,96.11547056591138,1.3452120652003802e-21
60,point_estimate,0,11,624.0,0.08997946114549495,0.1158215472249564,0.6426282051282052,-0.11325649994423784,0.09167832537362999,0.5661578359054901,0.041544165436245215,,1.5610159459683872,,2.377940354622838,0.8814102564102564,0.9326923076923077,7.8940528319775085,0.09464635496625952,0.21751318492195146,0.34134615384615385,0.28288145439220275,0.6153846153846154,0.7755864664680876,0.3314706163241639,0.2980769230769231,0.5837058160104005,0.2613452581566892,0.10096153846153846,0.48687624751699954,0.6987179487179487,0.3043825041038636,0.3632437596538276,0.967948717948718,1.1989846326436981,1.210302507088159,0.9919871794871795,2.0545730811556475,2.0587897681828724,0.9983974358974359,2.847160295001411,2.84892364805428,624.0,0.0,0.05,0.0,64.01403139566312,1.2353623079466799e-15,624.0,0.0,0.05,0.0,64.01403139566312,1.2353623079466799e-15,623.0,0.0,0.0,0.0,0.0,1.0,64.01403139566312,1.2575628527955645e-14,624.0,0.0,0.01,0.0,12.54281914516981,0.00039773178893638775,624.0,0.0,0.01,0.0,12.54281914516981,0.00039773178893638775,623.0,0.0,0.0,0.0,0.0,1.0,12.54281914516981,0.0018895632286213648
60,point_estimate,0,42,624.0,0.09081680158809062,0.11747159958526053,0.6298076923076923,-0.10651006253510907,0.09214408042288957,0.5652102032129844,0.04262066449586052,0.0613093967069324,1.5513516113349055,,2.3666584476847428,0.8701923076923077,0.9487179487179487,7.914499325304457,0.0948932590085931,0.2184989122317866,0.34134615384615385,0.28398168680432156,0.6153846153846154,0.7757546633908774,0.3316016291312926,0.2980769230769231,0.5843631782108656,0.2610757389412285,0.10096153846153846,0.4869149089506891,0.6682692307692307,0.30262716788171995,0.36905944263152846,0.9583333333333334,1.1959064440710372,1.2098449684973904,0.9871794871794872,2.04442893472705,2.0510401373204448,0.9983974358974359,2.8399277673180316,2.8399816911520324,624.0,1.0,0.05,0.0016025641025641025,55.03221203811691,1.1857056352846996e-13,624.0,1.0,0.05,0.0016025641025641025,55.03221203811691,1.1857056352846996e-13,622.0,0.0,1.0,0.0,0.0,1.0,55.03221203811691,1.1217781910491514e-12,624.0,0.0,0.01,0.0,12.54281914516981,0.00039773178893638775,624.0,0.0,0.01,0.0,12.54281914516981,0.00039773178893638775,623.0,0.0,0.0,0.0,0.0,1.0,12.54281914516981,0.0018895632286213648
60,point_estimate,0,73,624.0,0.0894311391554378,0.11587217337010826,0.6538461538461539,-0.1037718607027065,0.0919076213094375,0.5668064654737486,0.04275737812494962,0.0613093967069324,1.556026701841964,,2.389949753508865,0.875,0.9407051282051282,7.890001470768536,0.09484122219788253,0.21550691355112123,0.34134615384615385,0.28368494598767563,0.6153846153846154,0.7757868833429895,0.332711786384012,0.2980769230769231,0.5839310454927146,0.2624620402266273,0.10096153846153846,0.4876491746367688,0.6746794871794872,0.3021635843626909,0.3672528885552586,0.9615384615384616,1.1984495686891325,1.211086106296372,0.9871794871794872,2.044977841592749,2.050731143071251,0.9967948717948718,2.8589040119945226,2.860544321555875,624.0,1.0,0.05,0.0016025641025641025,55.03221203811691,1.1857056352846996e-13,624.0,1.0,0.05,0.0016025641025641025,55.03221203811691,1.1857056352846996e-13,622.0,0.0,1.0,0.0,0.0,1.0,55.03221203811691,1.1217781910491514e-12,624.0,0.0,0.01,0.0,12.54281914516981,0.00039773178893638775,624.0,0.0,0.01,0.0,12.54281914516981,0.00039773178893638775,623.0,0.0,0.0,0.0,0.0,1.0,12.54281914516981,0.0018895632286213648
60,point_estimate,1,11,625.0,0.0883777570645463,0.11861030154586262,0.5232,-0.3986501991322495,0.0739319635431533,0.4347088450484947,0.05267898626865154,0.0596928537364535,1.2651734622506599,,2.126400284637272,0.9776,0.9824,6.478848350050281,0.07136416718519437,0.24955856003209673,0.4672,0.15830897415740938,0.8672,0.700996830142316,0.2580604580183548,0.4816,0.48036079092735434,0.20134304108007284,0.2544,0.37899238138820235,0.6,0.17667082055603445,0.28640214891268945,0.9792,0.7705825917716543,0.7764273524542646,0.9984,1.4768415279008036,1.4775682500974112,0.9984,2.274601088277629,2.27568390723694,625.0,1.0,0.05,0.0016,55.1315934973149,1.1272435769333123e-13,625.0,1.0,0.05,0.0016,55.1315934973149,1.1272435769333123e-13,622.0,1.0,1.0,0.0,0.0032102742517281513,0.9548166100318994,55.13480377156663,1.0656865401879182e-12,625.0,0.0,0.01,0.0,12.562919816876812,0.00039347648769839206,625.0,0.0,0.01,0.0,12.562919816876812,0.00039347648769839206,624.0,0.0,0.0,0.0,0.0,1.0,12.562919816876812,0.0018706675963351528
60,point_estimate,1,42,625.0,0.08765859544699593,0.11643037533045858,0.544,-0.40057774362830795,0.07389901953332124,0.4340402092437792,0.052624082623274636,0.0596928537364535,1.2648980106897856,,2.1151114898860253,0.9776,0.984,6.427358325549783,0.07146321180057282,0.2507428254797202,0.4672,0.15800355485788392,0.8672,0.6998206544624056,0.2586612011492931,0.4816,0.480313607719825,0.20179461660226464,0.2544,0.37680179227228283,0.5984,0.17630544491575947,0.2860966886449363,0.9776,0.7663752138788359,0.7726965042572714,0.9984,1.489339595624577,1.489783177576891,1.0,2.2903582852924536,2.2903582852924536,625.0,1.0,0.05,0.0016,55.1315934973149,1.1272435769333123e-13,625.0,1.0,0.05,0.0016,55.1315934973149,1.1272435769333123e-13,622.0,1.0,1.0,0.0,0.0032102742517281513,0.9548166100318994,55.13480377156663,1.0656865401879182e-12,625.0,0.0,0.01,0.0,12.562919816876812,0.00039347648769839206,625.0,0.0,0.01,0.0,12.562919816876812,0.00039347648769839206,624.0,0.0,0.0,0.0,0.0,1.0,12.562919816876812,0.0018706675963351528
60,point_estimate,1,73,625.0,0.08942873830650297,0.11787594194659777,0.52,-0.39633214971001,0.07417507522884362,0.43550201166202934,0.05299024233887314,0.0596928537364535,1.2834141117113838,,2.139619557926104,0.9744,0.9808,6.4480464529195345,0.07175721392610557,0.2512592080895875,0.4672,0.15977524334149873,0.8672,0.6990195995453289,0.258670233705138,0.4816,0.48138439550049805,0.2033338490791979,0.2544,0.3779202122333167,0.6144,0.1777634276530032,0.28703547251999545,0.9744,0.7704488964246442,0.7791025254819859,0.9984,1.4943976077814434,1.4951924687380709,0.9984,2.289399067128488,2.2899613105710137,625.0,1.0,0.05,0.0016,55.1315934973149,1.1272435769333123e-13,625.0,1.0,0.05,0.0016,55.1315934973149,1.1272435769333123e-13,622.0,1.0,1.0,0.0,0.0032102742517281513,0.9548166100318994,55.13480377156663,1.0656865401879182e-12,625.0,0.0,0.01,0.0,12.562919816876812,0.00039347648769839206,625.0,0.0,0.01,0.0,12.562919816876812,0.00039347648769839206,624.0,0.0,0.0,0.0,0.0,1.0,12.562919816876812,0.0018706675963351528
60,point_estimate,2,11,625.0,0.0661915589310146,0.0811094422546866,0.6272,-0.2846859921056506,0.0692649411323782,0.5418030741928013,0.03999583754225956,,1.3411208811241475,,2.221806063328156,0.9632,0.9984,7.7335273723540086,0.07249766173502378,0.2184831631426177,0.2592,0.21989667498569984,0.68,0.7439334498750427,0.2685885691522839,0.264,0.5288183118288942,0.1969985506571968,0.1648,0.4178587329357821,0.7344,0.2425981166012658,0.2871784650065103,0.9616,0.8442643766670462,0.8651298587866786,0.9696,1.5658943494066784,1.5846925686831517,0.9856,2.387510540275745,2.397375411365999,625.0,0.0,0.05,0.0,64.11661798443822,1.1726821948653637e-15,625.0,0.0,0.05,0.0,64.11661798443822,1.1726821948653637e-15,624.0,0.0,0.0,0.0,0.0,1.0,64.11661798443822,1.1946847101557882e-14,625.0,0.0,0.01,0.0,12.562919816876812,0.00039347648769839206,625.0,0.0,0.01,0.0,12.562919816876812,0.00039347648769839206,624.0,0.0,0.0,0.0,0.0,1.0,12.562919816876812,0.0018706675963351528
60,point_estimate,2,42,625.0,0.06642822936910316,0.08214060944219373,0.632,-0.2826313578331461,0.06928512284929896,0.5424923706308153,0.039523036566930604,,1.337055700281746,,2.2268352718502107,0.9584,0.9968,7.720034058658627,0.07257780991659887,0.22103989405567462,0.2592,0.22089541904795482,0.68,0.7451686838683563,0.2704186811497778,0.264,0.5286559250254395,0.198700787373286,0.1648,0.41898737339151065,0.7264,0.24328480041101624,0.28813527954017315,0.9616,0.8478163276934533,0.8681600936749081,0.9744,1.5643966890357897,1.5805828830359092,0.9888,2.3771864475608666,2.388363243886923,625.0,0.0,0.05,0.0,64.11661798443822,1.1726821948653637e-15,625.0,0.0,0.05,0.0,64.11661798443822,1.1726821948653637e-15,624.0,0.0,0.0,0.0,0.0,1.0,64.11661798443822,1.1946847101557882e-14,625.0,0.0,0.01,0.0,12.562919816876812,0.00039347648769839206,625.0,0.0,0.01,0.0,12.562919816876812,0.00039347648769839206,624.0,0.0,0.0,0.0,0.0,1.0,12.562919816876812,0.0018706675963351528
60,point_estimate,2,73,625.0,0.06559347100075447,0.08141802595404185,0.6592,-0.28401295490593137,0.06923594767998466,0.5405575056436576,0.039587883291166207,,1.3413161899570052,,2.2404229000402696,0.9728,0.9984,7.719098199005661,0.07255381954133636,0.218469670303854,0.2592,0.22010498404785184,0.68,0.7443879444494157,0.27083915973990186,0.264,0.527636462996691,0.19904424305119262,0.1648,0.4179515471789047,0.7328,0.24289317584112033,0.28568681109853616,0.9584,0.848768978911064,0.8682148680249032,0.9744,1.5704205205475743,1.585107575518911,0.992,2.399318797976015,2.407988259524726,625.0,0.0,0.05,0.0,64.11661798443822,1.1726821948653637e-15,625.0,0.0,0.05,0.0,64.11661798443822,1.1726821948653637e-15,624.0,0.0,0.0,0.0,0.0,1.0,64.11661798443822,1.1946847101557882e-14,625.0,0.0,0.01,0.0,12.562919816876812,0.00039347648769839206,625.0,0.0,0.01,0.0,12.562919816876812,0.00039347648769839206,624.0,0.0,0.0,0.0,0.0,1.0,12.562919816876812,0.0018706675963351528
60,posterior_mean_mc,0,11,624.0,0.07761933981754672,0.10395718044660843,0.6698717948717948,0.1719567050240684,0.058352538323349294,0.5782406023058093,0.10875979914715415,0.19033821152240796,0.138665677930399,0.25994768751257996,0.2263939800710663,0.8285256410256411,0.8910256410256411,7.6619270527016505,0.0431434828497343,0.2096897682517055,0.34134615384615385,0.26278471347588495,0.6153846153846154,0.45624915024622864,0.24135667396083735,0.2980769230769231,0.12839191657295962,0.09802948831165602,0.10096153846153846,0.04205597596953598,0.3701923076923077,0.08030496380132242,0.25710151224875366,0.6602564102564102,0.16363323940638005,0.4190639563594751,0.7564102564102564,0.22392597071152023,0.5793324047351438,0.8365384615384616,0.28663162933269054,0.8008269590045044,624.0,66.0,0.05,0.10576923076923077,31.383344885618726,2.117898973691697e-08,624.0,66.0,0.05,0.10576923076923077,31.383344885618726,2.117898973691697e-08,550.0,7.0,7.0,59.0,301.2457645597934,1.7634496947722472e-67,332.6291094454121,5.895309683507407e-73,624.0,35.0,0.01,0.05608974358974359,64.5459575753734,9.430682155956652e-16,624.0,35.0,0.01,0.05608974358974359,64.5459575753734,9.430682155956652e-16,584.0,4.0,4.0,31.0,196.76671674244477,1.0603147433434623e-44,261.31267431781816,1.80581703755107e-57
60,posterior_mean_mc,0,42,624.0,0.07780416937728092,0.10434726472135715,0.6714743589743589,0.20553859846072853,0.058422067501758365,0.5779740106429694,0.10841557439073232,0.1913830630390908,0.13806600752163353,0.24894837558339655,0.22328569341874072,0.8237179487179487,0.8862179487179487,7.674083121091462,0.04330751521460762,0.20902551368492667,0.34134615384615385,0.2640648127095102,0.6153846153846154,0.4569005889082251,0.24119608846481982,0.2980769230769231,0.12726292212891593,0.09835023900386404,0.10096153846153846,0.04214460627692508,0.3557692307692308,0.08034145371504765,0.2572816114265437,0.6522435897435898,0.16337508409046525,0.41951899133727405,0.7676282051282052,0.22401632883290837,0.5875054273872358,0.8317307692307693,0.2866706891983659,0.8135195896924486,624.0,65.0,0.05,0.10416666666666667,29.78089503608834,4.8373556162963016e-08,624.0,65.0,0.05,0.10416666666666667,29.78089503608834,4.8373556162963016e-08,552.0,6.0,7.0,58.0,301.73015767856083,1.3830307551101051e-67,331.51105271464917,1.0310733409499183e-72,624.0,38.0,0.01,0.060897435897435896,75.443609553817,3.759931778585802e-18,624.0,38.0,0.01,0.060897435897435896,75.443609553817,3.759931778585802e-18,579.0,6.0,6.0,32.0,186.15773767839607,2.193097747054005e-42,261.6013472322131,1.563108840347715e-57
60,posterior_mean_mc,0,73,624.0,0.07796078374484,0.10436111002087871,0.6778846153846154,0.24977968876474632,0.05837898952557268,0.5777789389588935,0.10826950232801978,0.19022189993005842,0.1382166730625816,0.2576931947445719,0.22308544463883853,0.8173076923076923,0.8701923076923077,7.6651075696724975,0.04324556935869945,0.20894460387905403,0.34134615384615385,0.2650463007882105,0.6153846153846154,0.45500060731494113,0.24306953435251005,0.2980769230769231,0.12806316251534303,0.09904023219207903,0.10096153846153846,0.040980012642051346,0.36378205128205127,0.0806191740501038,0.2565564363623841,0.6666666666666666,0.16388553478736909,0.4176108579278435,0.7692307692307693,0.22348846079415566,0.5855270570702432,0.8317307692307693,0.2854933453528223,0.8176769877392331,624.0,66.0,0.05,0.10576923076923077,31.383344885618726,2.117898973691697e-08,624.0,66.0,0.05,0.10576923076923077,31.383344885618726,2.117898973691697e-08,554.0,3.0,3.0,63.0,359.33755186154235,3.9249172051551604e-80,390.7208967471611,1.4323042784435466e-85,624.0,35.0,0.01,0.05608974358974359,64.5459575753734,9.430682155956652e-16,624.0,35.0,0.01,0.05608974358974359,64.5459575753734,9.430682155956652e-16,585.0,3.0,3.0,32.0,211.4107588475502,6.762122017337843e-48,275.9567164229236,1.1933295820200633e-60
60,posterior_mean_mc,1,11,625.0,0.08414637018454735,0.11222135104166973,0.5328,-0.2113216651397528,0.06478280826366901,0.39384750384473177,0.10761117559418398,0.1694064533167359,0.12957938764350999,0.20664318180760513,0.21368151102921712,0.6848,0.7792,6.532379813096053,0.04891599059805,0.26356951608685786,0.4672,0.30215733731036354,0.8672,0.44235015197013033,0.37518592652001653,0.4816,0.12153175609035141,0.24159762980910882,0.2544,0.03717547839314944,0.3696,0.0843362909127289,0.2860744904865706,0.624,0.1727872716013296,0.4870134663444793,0.7248,0.23624822702149167,0.6898603482395718,0.7856,0.3005419440348125,0.9496544276811677,625.0,148.0,0.05,0.2368,251.4665589888582,1.2437132507892714e-56,625.0,148.0,0.05,0.2368,251.4665589888582,1.2437132507892714e-56,465.0,11.0,11.0,137.0,500.6873520763418,6.736224626649698e-111,752.1539110652,4.6973556298080286e-164,625.0,81.0,0.01,0.1296,274.94031700437915,9.510954399609998e-62,625.0,81.0,0.01,0.1296,274.94031700437915,9.510954399609998e-62,524.0,19.0,19.0,62.0,228.77800204536075,1.1011411255095571e-51,503.7183190497399,4.1586924271814744e-110
60,posterior_mean_mc,1,42,625.0,0.08432724804089706,0.11233897589584894,0.5328,-0.19619763586681807,0.06480174091198955,0.3945285747972337,0.10757128603882748,0.17002170029087033,0.1292891498430724,0.20295659369634897,0.2115242214575137,0.6928,0.7744,6.494050053145647,0.04889859512594703,0.2642978138682685,0.4672,0.2997749983206641,0.8672,0.4438093556609787,0.37774527099652994,0.4816,0.12153628967586119,0.2422818410038975,0.2544,0.03657859440557861,0.368,0.08438072347712107,0.2859342936809967,0.6368,0.17312824930804635,0.4861637946531151,0.7296,0.23688375586901228,0.6876496693821434,0.7824,0.2994729892687994,0.9519731950111547,625.0,146.0,0.05,0.2336,244.40554358902784,4.306614014017254e-55,625.0,146.0,0.05,0.2336,244.40554358902784,4.306614014017254e-55,465.0,13.0,13.0,133.0,471.89869401494127,1.2376583385166645e-104,716.3042376039691,2.8609556291482935e-156,625.0,87.0,0.01,0.1392,307.7280349497711,6.825944761489058e-69,625.0,87.0,0.01,0.1392,307.7280349497711,6.825944761489058e-69,521.0,16.0,16.0,71.0,277.0934916984304,3.2283920189827376e-62,584.8215266482015,1.0176982769613824e-127
60,posterior_mean_mc,1,73,625.0,0.0844287755767983,0.11239481242493993,0.5328,-0.16064550036167832,0.06496631583997,0.3933549203577942,0.10764709750164132,0.17075175054326003,0.13040680438887256,0.20056372516046475,0.21472217019800055,0.6896,0.768,6.535571082595554,0.049054500042270154,0.26580198269457567,0.4672,0.301646712084508,0.8672,0.4423910706353028,0.3771053252873661,0.4816,0.12142594901420835,0.24195848827523286,0.2544,0.03724840970982757,0.3696,0.08421900528816452,0.28654391048614153,0.6384,0.173134737798616,0.4857097380258395,0.7312,0.23613329095832541,0.6942403006222709,0.7824,0.30011340624744237,0.9558870886816411,625.0,146.0,0.05,0.2336,244.40554358902784,4.306614014017254e-55,625.0,146.0,0.05,0.2336,244.40554358902784,4.306614014017254e-55,468.0,10.0,10.0,136.0,508.9055297425989,1.0973383338751022e-112,753.3110733316267,2.633776071814769e-164,625.0,85.0,0.01,0.136,296.6891164955946,1.73426123803963e-66,625.0,85.0,0.01,0.136,296.6891164955946,1.73426123803963e-66,521.0,18.0,18.0,67.0,251.21458271246183,1.4114068221648245e-56,547.9036992080564,1.0573612971656122e-119
60,posterior_mean_mc,2,11,625.0,0.05485557042736141,0.07059366617012681,0.736,-1.278737922842941,0.03879140367285655,0.5472613207796061,0.07590368258878555,0.08128554442999465,0.12327783435359863,,0.18874576932971582,0.7888,0.8496,7.910595524629785,0.026205927552878462,0.2130921443055155,0.2592,0.3253099270431846,0.68,0.4064737410739876,0.2378551711911708,0.264,0.10478672983732404,0.16224422184575615,0.1648,0.028643117827476267,0.5088,0.09547842700818462,0.1737774827546179,0.8288,0.18424786403531543,0.24094499988085846,0.9168,0.24006795152058286,0.2916307317582378,0.9504,0.29185992342271905,0.33479078075066043,625.0,7.0,0.05,0.0112,28.53167702674672,9.21780083917532e-08,625.0,7.0,0.05,0.0112,28.53167702674672,9.21780083917532e-08,613.0,4.0,4.0,3.0,18.941219520721916,1.3480827544995659e-05,47.472896547468636,4.9135060454750583e-11,625.0,0.0,0.01,0.0,12.562919816876812,0.00039347648769839206,625.0,0.0,0.01,0.0,12.562919816876812,0.00039347648769839206,624.0,0.0,0.0,0.0,0.0,1.0,12.562919816876812,0.0018706675963351528
60,posterior_mean_mc,2,42,625.0,0.05509929832318135,0.07084554963053534,0.736,-1.2857363258821133,0.038732927833992105,0.5463852183989154,0.07611672551102656,0.08893191892082564,0.12374534094834434,,0.19087941164967623,0.7968,0.8528,7.946361681423021,0.02620083649478547,0.21564425870040713,0.2592,0.3277146705756676,0.68,0.4055975502030129,0.23884905059366987,0.264,0.10592112213185675,0.1622394667699792,0.1648,0.02935510933414318,0.5168,0.09590916791508623,0.1737581305082118,0.8304,0.18400430014596406,0.2388593929565326,0.9216,0.23988364090552983,0.29223888561922784,0.9472,0.29276500229956404,0.340486087215761,625.0,5.0,0.05,0.008,35.31797749847192,2.8003519675787568e-09,625.0,5.0,0.05,0.008,35.31797749847192,2.8003519675787568e-09,615.0,4.0,4.0,1.0,4.914345489238926,0.026634552748950057,40.232322987710845,1.835109849295322e-09,625.0,0.0,0.01,0.0,12.562919816876812,0.00039347648769839206,625.0,0.0,0.01,0.0,12.562919816876812,0.00039347648769839206,624.0,0.0,0.0,0.0,0.0,1.0,12.562919816876812,0.0018706675963351528
60,posterior_mean_mc,2,73,625.0,0.05483592021853847,0.07055208316546333,0.7392,-1.28006288645641,0.03872770662322269,0.5459978282939697,0.076314618389132,0.08473006752534447,0.12386337683299649,0.1130606718915171,0.1910483428289583,0.784,0.856,7.954484193682176,0.026232441753325838,0.21525647032719944,0.2592,0.32808780383190794,0.68,0.4041435459473873,0.23796554477391474,0.264,0.10417984579109098,0.1618936007941833,0.1648,0.02924391680921143,0.5104,0.09548954230381017,0.17410012889184756,0.8352,0.18362160959635077,0.2392973648476782,0.912,0.2399986745371647,0.2916972381371659,0.9456,0.29234984245823314,0.34207811328011684,625.0,6.0,0.05,0.0096,31.755764778200188,1.7482956545050066e-08,625.0,6.0,0.05,0.0096,31.755764778200188,1.7482956545050066e-08,614.0,4.0,4.0,2.0,11.741035893009702,0.0006113698597127175,43.49680067120989,3.587482110078161e-10,625.0,2.0,0.01,0.0032,3.971388178319721,0.04627960463833998,625.0,2.0,0.01,0.0032,3.971388178319721,0.04627960463833998,621.0,1.0,1.0,1.0,9.328735306868339,0.0022558799509819964,13.30012348518806,0.001293942211650775
60,variational_posterior,0,11,624.0,0.07755835907697785,0.10394241491370883,0.6746794871794872,0.31102464481933484,0.05791746804827212,0.5771650150637567,0.10317032230234681,0.20104283638788834,0.14739368140538445,0.25884074001335244,0.2399278798106009,0.8333333333333334,0.8894230769230769,7.61671185450558,0.04248965359450475,0.2119652903082795,0.34134615384615385,0.2576326243814006,0.6153846153846154,0.47149596712208774,0.23953911254601487,0.2980769230769231,0.13545993251664995,0.09831386797091553,0.10096153846153846,0.04515794304046784,0.3958333333333333,0.08532244441360469,0.25428561507822056,0.6875,0.17368257206647827,0.40948559265024786,0.7868589743589743,0.23862736939148915,0.5656108424906257,0.8557692307692307,0.3053942560869162,0.7744557339777487,624.0,60.0,0.05,0.09615384615384616,22.293592327052806,2.339860819313067e-06,624.0,60.0,0.05,0.09615384615384616,22.293592327052806,2.339860819313067e-06,557.0,6.0,6.0,54.0,289.406726474689,6.69615802917166e-65,311.7003188017418,2.0660259326500555e-68,624.0,35.0,0.01,0.05608974358974359,64.5459575753734,9.430682155956652e-16,624.0,35.0,0.01,0.05608974358974359,64.5459575753734,9.430682155956652e-16,586.0,2.0,2.0,33.0,227.4799222286043,2.1132088809974972e-51,292.02587980397766,3.8671045535114944e-64
60,variational_posterior,0,42,624.0,0.07787968599181698,0.10439030762553202,0.6650641025641025,0.21777749538965585,0.058174029023245644,0.5767424161432294,0.10357382003380917,0.19542319714414688,0.14689257945789322,0.2610515715409479,0.23718884069632437,0.8381410256410257,0.8910256410256411,7.6303479925708535,0.04266230937187777,0.21298103400725432,0.34134615384615385,0.2572595380245971,0.6153846153846154,0.4705990339458791,0.23777825905683828,0.2980769230769231,0.13491051723609088,0.09854924376795499,0.10096153846153846,0.04531957281515981,0.391025641025641,0.0851250850183306,0.25504940392125813,0.6842948717948718,0.17354402262090338,0.4119084251013839,0.7852564102564102,0.2381388991851788,0.5674012125877316,0.8589743589743589,0.30377576258521505,0.780832163833996,624.0,63.0,0.05,0.10096153846153846,26.679514567387287,2.4015418216857255e-07,624.0,63.0,0.05,0.10096153846153846,26.679514567387287,2.4015418216857255e-07,556.0,4.0,4.0,59.0,330.82108717054456,6.367282807358545e-74,357.50060173793185,2.3427756100236904e-78,624.0,34.0,0.01,0.05448717948717949,61.03241844489793,5.614266462215589e-15,624.0,34.0,0.01,0.05448717948717949,61.03241844489793,5.614266462215589e-15,586.0,3.0,3.0,31.0,205.90918990458553,1.072520449257402e-46,266.94160834948343,1.082346337062343e-58
60,variational_posterior,0,73,624.0,0.0778356383346405,0.10419574297124896,0.6682692307692307,-0.25788756820665243,0.057944461845685635,0.577148535235965,0.10380021970806637,0.18964895656544575,0.14543054312678405,0.2617333408019454,0.23562557989468091,0.8397435897435898,0.8862179487179487,7.626353193331913,0.042410565530599756,0.2120402934432996,0.34134615384615385,0.2602449400790744,0.6153846153846154,0.4706077968577837,0.2367973990764751,0.2980769230769231,0.13544499037135926,0.09831634933211085,0.10096153846153846,0.045095121492667506,0.38461538461538464,0.08490600648867955,0.25535579951540666,0.6842948717948718,0.17346490296391315,0.40815602400628426,0.7788461538461539,0.23659580962675664,0.5627961494383423,0.8493589743589743,0.3040829582833095,0.7570825886856034,624.0,66.0,0.05,0.10576923076923077,31.383344885618726,2.117898973691697e-08,624.0,66.0,0.05,0.10576923076923077,31.383344885618726,2.117898973691697e-08,552.0,5.0,6.0,60.0,319.4917953903511,1.868957724293115e-71,350.87514027596984,6.433263952226602e-77,624.0,31.0,0.01,0.049679487179487176,50.87235401784997,9.857223276331648e-13,624.0,31.0,0.01,0.049679487179487176,50.87235401784997,9.857223276331648e-13,589.0,3.0,3.0,28.0,189.05968202308085,5.1001712185226064e-43,239.93203604093083,7.932687714868641e-53
60,variational_posterior,1,11,625.0,0.08412432435427127,0.11220502781623831,0.5328,-0.22662202169132242,0.06446766146155455,0.39355083475500124,0.10320347711069007,0.17189708031268303,0.13614615525323842,0.21214159672290267,0.22247471293671137,0.7104,0.7904,6.539877378193875,0.04834609375581542,0.2612464324687749,0.4672,0.29286541672629735,0.8672,0.4520860536925431,0.3711994756804089,0.4816,0.1279378917337749,0.24039793322549413,0.2544,0.04019511010283377,0.3856,0.08907713983359711,0.28490363344694614,0.6528,0.18251194722716874,0.48026104164317823,0.7408,0.24944225829551006,0.6737096496780058,0.7936,0.31816901983074947,0.919154609704531,625.0,144.0,0.05,0.2304,237.4160259335016,1.439261390244193e-53,625.0,144.0,0.05,0.2304,237.4160259335016,1.439261390244193e-53,473.0,7.0,7.0,137.0,545.0983750413747,1.4665650295026917e-120,782.5144009748763,1.1999325196042482e-170,625.0,72.0,0.01,0.1152,227.6964868877701,1.8954448675440682e-51,625.0,72.0,0.01,0.1152,227.6964868877701,1.8954448675440682e-51,537.0,15.0,15.0,57.0,234.87454137038736,5.156246745621861e-53,462.57102825815747,3.5807786018634743e-101
60,variational_posterior,1,42,625.0,0.08390365570696505,0.11216499579655916,0.5328,-0.2994340204417097,0.06426173465908742,0.39374698126825836,0.10342464821092993,0.17267326151140047,0.13601479560758595,0.20886289171622768,0.2220416923869635,0.7088,0.7856,6.531332044014067,0.04814339513521463,0.2608684212367583,0.4672,0.290659995282028,0.8672,0.4531675020323844,0.37062196643331047,0.4816,0.12941026896837424,0.23945008028247725,0.2544,0.040293356357460654,0.3952,0.08865385215482485,0.2836465990606389,0.6416,0.18173505951751595,0.47983481538121214,0.7456,0.24948976406940296,0.6730625942718783,0.8032,0.31641693874502547,0.9023610111717817,625.0,142.0,0.05,0.2272,230.4986976843486,4.6407207721590046e-52,625.0,142.0,0.05,0.2272,230.4986976843486,4.6407207721590046e-52,472.0,10.0,10.0,132.0,499.6809127933002,1.1153143105434151e-110,730.1796104776488,2.776592752001372e-159,625.0,77.0,0.01,0.1232,253.6455640275941,4.165780322818311e-57,625.0,77.0,0.01,0.1232,253.6455640275941,4.165780322818311e-57,531.0,16.0,16.0,61.0,243.05916630624523,8.46618859546493e-55,496.70473033383934,1.3865586368289736e-108
60,variational_posterior,1,73,625.0,0.08428171006679185,0.11245662860911669,0.5328,-0.2185435853388775,0.06457927806606428,0.3958995450363976,0.1041805929857297,0.17037940909506907,0.1371242958743321,0.20828507918044809,0.22355551547817823,0.6976,0.7776,6.568525898667467,0.048453448559496744,0.2615161815336807,0.4672,0.29333003538393215,0.8672,0.45332437650989416,0.37060219367207736,0.4816,0.12902925408644014,0.2404271104433586,0.2544,0.0412087885817567,0.3856,0.08885205915662182,0.2861550946712053,0.6448,0.18214917420137527,0.4814536812968256,0.7376,0.2500510816670869,0.6772370587759656,0.8,0.3186207581758512,0.9167498794913254,625.0,146.0,0.05,0.2336,244.40554358902784,4.306614014017254e-55,625.0,146.0,0.05,0.2336,244.40554358902784,4.306614014017254e-55,468.0,10.0,10.0,136.0,508.9055297425989,1.0973383338751022e-112,753.3110733316267,2.633776071814769e-164,625.0,77.0,0.01,0.1232,253.6455640275941,4.165780322818311e-57,625.0,77.0,0.01,0.1232,253.6455640275941,4.165780322818311e-57,534.0,13.0,13.0,64.0,273.4667673623422,1.9923237603771393e-61,527.1123313899363,3.459485917754682e-115
60,variational_posterior,2,11,625.0,0.054667894173294894,0.07034291383696213,0.7344,-1.2830685166361455,0.038597645318171066,0.5440016929452913,0.07334800370343353,0.08789346152730335,0.12991938781504514,0.1305856802208095,0.2008474235470599,0.8048,0.8688,7.900471963222233,0.02618087343170605,0.21145044294654713,0.2592,0.3216592635197565,0.68,0.41113206857177975,0.2363146749124095,0.264,0.11134954061350913,0.16201282490435542,0.1648,0.03180093635926047,0.5216,0.09770149924193539,0.17319245465736136,0.8528,0.18969355906860805,0.2395394369791295,0.9232,0.24824742179881404,0.2924912169163177,0.9568,0.30423945163154276,0.33922379357059346,625.0,5.0,0.05,0.008,35.31797749847192,2.8003519675787568e-09,625.0,5.0,0.05,0.008,35.31797749847192,2.8003519675787568e-09,617.0,2.0,2.0,3.0,24.563472985040498,7.190184129175193e-07,59.88145048351242,9.929062474546559e-14,625.0,1.0,0.01,0.0016,6.879257071689789,0.00872018030116853,625.0,1.0,0.01,0.0016,6.879257071689789,0.00872018030116853,622.0,1.0,1.0,0.0,0.0032102742517281513,0.9548166100318994,6.882467345941517,0.032025152382632815
60,variational_posterior,2,42,625.0,0.0550856714153683,0.07078648870420774,0.736,-1.2763346639513315,0.03889403214089654,0.5464912484203522,0.07459313376128449,0.08767136228558452,0.12951578107143208,,0.20045572822524305,0.8032,0.864,7.932193262963043,0.026282288594038163,0.21561055221077677,0.2592,0.3226412213909703,0.68,0.4117880752516273,0.23748263827635177,0.264,0.11086377455526088,0.16174510651507096,0.1648,0.031427100807231496,0.5216,0.09756623475415566,0.1747955513246764,0.8352,0.18962138109262963,0.24064748982335396,0.9248,0.24837524408375483,0.29169309986674363,0.9584,0.30308383602792893,0.3353942603801597,625.0,5.0,0.05,0.008,35.31797749847192,2.8003519675787568e-09,625.0,5.0,0.05,0.008,35.31797749847192,2.8003519675787568e-09,616.0,3.0,3.0,2.0,13.53444156885724,0.00023422506655208786,48.85241906732916,2.4650854920585426e-11,625.0,0.0,0.01,0.0,12.562919816876812,0.00039347648769839206,625.0,0.0,0.01,0.0,12.562919816876812,0.00039347648769839206,624.0,0.0,0.0,0.0,0.0,1.0,12.562919816876812,0.0018706675963351528
60,variational_posterior,2,73,625.0,0.054790400815918835,0.0705696273335509,0.7392,-1.2770858502248705,0.03874238670147704,0.545164171169239,0.07373428195972236,0.09013715289157954,0.1297594580388024,,0.20031791923512668,0.8032,0.864,7.928759991099294,0.026301905566578857,0.21357491819030128,0.2592,0.32355530487986073,0.68,0.4117850381977166,0.23767299358622768,0.264,0.11171816463118675,0.16193656104719695,0.1648,0.03160897472830799,0.5312,0.09782695444570862,0.1735640375669821,0.8384,0.18965287016196583,0.24246071725708956,0.9264,0.24837076305103145,0.29380098637958835,0.96,0.30291956157105143,0.3420009078463316,625.0,4.0,0.05,0.0064,39.286126297607666,3.66032902446731e-10,625.0,4.0,0.05,0.0064,39.286126297607666,3.66032902446731e-10,617.0,3.0,3.0,1.0,5.902367373332922,0.015120548034200926,45.18849367094059,1.5397254086722808e-10,625.0,0.0,0.01,0.0,12.562919816876812,0.00039347648769839206,625.0,0.0,0.01,0.0,12.562919816876812,0.00039347648769839206,624.0,0.0,0.0,0.0,0.0,1.0,12.562919816876812,0.0018706675963351528
